-- 資料タイトルテーブルにデータを挿入
INSERT INTO item_titles(name, author, image, publisher, publication_date, summary, category_id, sub_category_id, rental_number)
VALUES
('7つの習慣', 'スティーブ・R・コビー', '', 'キングベアー出版', '1996-12-25', '', 2, 5, 100),
('よいこの君主論', '架神恭介', '', '筑摩書房', '2009-05-11', '', 4, 10, 40),
('人間失格', '太宰治', '', '新潮社', '2006-01-01', '', 10, 28, 120),
('読書の力', '若松英輔', '', '亜紀書房', '2020-11-25', '', 1, 2, 25),
('ギネス世界記録2023', 'クレイグ・クレンディ', '', '角川アスキー総合研究所', '2020-11-18', '', 1, 3, 45),
('心理学概論', '鈴木直人', '', 'ナカニシヤ出版', '2014-04-20', '', 2, 4, 48),
('世界宗教事典', '村上重良', '', '講談社', '1987-12-01', '', 2, 6, 28),
('九州考古学の現在（いま）', '西谷正', '', '海鳥社', '2020-12-25', '', 3, 7, 24),
('ピアノで楽しむスプラトゥーン3', '任天堂株式会社', '', 'ヤマハミュージック ', '2023-09-27', '', 8, 23, 55),
('原生生物学事典', '矢﨑裕規', '', '朝倉書店',  '2023-05-01', '', 5, 15, 34),
('海の見える街', '畑野智美', '', '講談社', '2012-12-06', '', 10, 28, 125),
('新わかりやすいJava 入門編 第3版', '川場隆', '', '秀和システム', '2022-12-13', '', 1, 1, 76),
('水道事業経営の基本', '石井晴夫', '', '白桃書房', '2015-12-04', '', 6, 16, 45),
('薬屋のひとりごと', '日向夏', '', 'イマジカインフォス', '2024-05-01', '', 10, 28, 65),
('豆類の百科事典', '国分牧衛', '', '朝倉書店', '2024-05-01', '', 7, 20, 20),
('図書館の論理―羽仁五郎の発言', '羽仁五郎', '', '日外アソシエーツ', '1981-06-01', 'この本は図書館について現状を一変させるためにのみ読まれる意義がある(まえがき)。聞き書きの方法による「わが図書館論」、ならびに昭和23~54年に発表された図書館に関する著作を収録。歴史的展望と洞察にとむ図書館論、あるいは戦後図書館史の貴重な証言。', 1, 2, 5),
('図書館概論　五訂版', '塩見昇', '', '日本図書館協会','2018-12-06', '司書は，日本の図書館を指導・管理するための専門職である。本書は，司書の知的基盤である，図書館の意義や機能，種類，史的発展，図書館組織の運営，図書館専門職の条件，さらには図書館情報学の関連・類縁学術分野の理論の紹介等，図書館情報学の内容をあるべき水準で習得できるよう記述した。改訂にあたっては，図書館を取り巻く環境の変化に対応し，記述内容の更新・向上を図った。', 1, 2, 6),
('弥吉光長論文集', '片山喜八郎', '', '国学院大学出版会','1977-08-05', '図書館界の最長老である著者の研究業績を集大成。すでに単行本となったものは省き、代表的論稿のみを収録。訂正加筆し、新稿もつけ加えられている。', 1, 2, 1),
('疾風怒濤精神分析入門:ジャック・ラカン的生き方のススメ ', '片岡一竹', '', '誠信書房', '2017-09-25', '精神分析の本質は病理的次元でなく倫理的な次元にある。そこでは病いに陥った人間が問題ではなく各人の生き方が問題とされる。精神分析を通して身体症状さえその多くが倫理的な意味をもっていることがわかる。哲学や思想や宗教と親和性のある精神分析の本質を、自らの経験をもとに分かりやすく書き下ろす。難解であるという定説を覆し不幸な受け入れられ方をした日本のラカン理解に楔を打ち込む一冊。', 2, 4, 60),
('所有のエチカ', '大庭健', '', 'ナカニシヤ出版', '2000-09-20', '「所有」の構造を思想史的・政治的・概念分析的に捉え直し、現代社会の中で問題化している「所有」をエチカの問題として浮き彫りにする。', 2, 5, 55),
('倫理学', '和辻哲郎', '', '岩波書店', '1965-08-15', '和辻哲郎の思想が体系的にまとめられている哲学書。 ヨーロッパの個人主義的な哲学思想を批判し、人間をもとより社会的な存在として捉えて、その社会を成立させる倫理を構想する。', 2, 5, 98),
('支配と服従の倫理学', '羽入辰郎', '', 'ミネルヴァ書房', '2007-01-29', '社会のなかで権威はいかにして人々を支配し、そして従わせ続けてきたのか。タブーとされてきたこの問題を明快に論じる。羽入辰郎の“活きた講義”。', 2, 5, 16),
('ジョン・レノンは、なぜ神を信じなかったのか ロックとキリスト教 ', '島田裕巳', '', 'イースト出版', '2018-01-20', '西欧社会におけるキリスト教とロックのかかわりを紐解くと、キリスト教がなければ、ロックは生まれてこなかったのではないかという見方さえもできる。信仰を持つことによって、あるいは信仰を否定することによって、彼らの音楽はどう変化し、それはロックというジャンル全体にどう影響していったのか。宗教学者がその関係をひもとく。', 2, 6, 45),
('阿毘達磨仏教における業論の研究: 説一切有部と上座部を中心に', '清水俊史', '', '法蔵館出版', '2017-01-19', '壮麗・精緻なる理論体系!あらゆる事象を分析し尽くした「阿毘達磨」は二千年以上もの間、仏教文化圏の人々の思考・行動に絶大な影響を及ぼし続けた。その最重要テーマの一つ〈業理論〉の全貌を厖大な南北両伝資料の精査を通して解明する。', 2, 6, 58),
('原始キリスト教とグノ-シス主義', '荒井献', '', '岩波書店', '1971-01-25', '本書は、日本にて発表されたグノーシス主義関係の論文の集成であって、ヘレニズム期における同主義の成立. と発達とを概説し、特にナグ・ハマディ文書の資料的意義を論究している。', 2, 6, 45),
('天皇・天皇制・百姓・沖縄: 社会構成史研究よりみた社会史研究批判', '安良城盛昭', '', '吉川弘文館', '2007-06-16', '天皇制の本質とは何か。中世の百姓、近現代の沖縄とは。鋭い史眼でる！', 3, 7, 28),
('日本中世の百姓と職能民', '網野善彦', '', '平凡社', '1998-02-17', '「百姓は農民ではない」 この常識をくつがえす言葉はどのような意味を持つのか? 彼らの負担した年貢の実態や、「職人」の社会の中でのあり方などを探りながら、史料と最新の学説を駆使して、日本中世の民衆像を再検討する。', 3, 7, 69),
('安丸思想史への対論: 文明化・民衆・両義性', '磯前順一', '', '岩波書店', '2010-03-16', '戦後歴史学の最大の成果の一つである安丸良夫の民衆史・思想史研究から多大な影響を受けた諸分野の第一線の研究者たちが、あらためてその著作と格闘してその内実に肉迫し、安丸自身が各論と正面から切り結ぶことで、新しい歴史・思想研究の可能性を探る。', 3, 7, 116),
('中国の誕生―東アジアの近代外交と国家形成', '岡本隆司', '', '名古屋大学出版会', '2017-01-06', '東アジア在来秩序を揺るがした明治日本の登場から、琉球、ヴェトナム、朝鮮、チベット、モンゴルへと続く属国・藩部の危機と再編を通して、現代中国の原型が浮かび上がる過程を詳述、万国公法などの翻訳概念の変容を手がかりに、誰も描きえなかった「中国」誕生の全体像に迫った渾身作。', 3, 8, 96),
('雍正帝: 中国の独裁君主', '宮崎市定', '', '中央公論社', '1997-06-15', '従来の中国史を書き換える!!在位61年、大清帝国の基礎を築いた康熙帝(1654-1722)。三度のモンゴル遠征のたびに、北京の皇太子に送った愛情溢れる満洲語の自筆の手紙を紹介しながら、当時の東アジア全体を見渡す歴史絵巻を展開!', 3, 8, 54),
('天下と天朝の中国史', '檀上寛', '', '岩波書店', '2016-08-20', '古来より中国の歴代王朝は有徳の天子の朝廷「天朝」を演じることで、中華と夷狄とを序列・秩序づけ、自らの領土たる「天下」を統治してきた。その統治の論理=天朝体制は、時代によってその内実を大きく変化させながらも、千年もの歴史を越えて現代にまで息づいている。中国史を通覧することでその全貌を描きだす雄大な歴史物語。', 3, 8, 155),
('生き残った帝国ビザンティン', '井上浩一', '', '講談社', '2008-03-11', '栄華の都コンスタンティノープル、イコンに彩られた聖ソフィア教会……。興亡を繰り返すヨーロッパとアジアの境界、「文明の十字路」にあって、帝国はなぜ1000年以上も存続しえたのか。キリスト教と「偉大なローマ」の理念を守る一方、皇帝・貴族・知識人は変化にどう対応したか。ローマ皇帝の改宗から帝都陥落まで、「奇跡の1000年」を活写する。', 3, 9, 205),
('中世最後の騎士: 皇帝マクシミリアン一世伝', '江村洋', '', '中央公論社', '1987-03-25', '中世からルネッサンスへの過渡期に生き、ハプスブルク家史上もっとも名高い神聖ローマ帝国皇帝の怒濤の生涯。', 3, 9, 226),
('大英帝国の歴史', 'ニーアル・ファーガソン', '', '勁草書房', '2012-07-06', '新たな世紀、西洋諸国は没落に向かっているように見える。しかし、将来を見通すためには、そもそもなぜ西洋が近代を席巻できたのかを明らかにしなければならない。', 3, 9, 114),
('権力の館を歩く', '御厨貴', '', '講談社', '2012-08-16', '歴代首相邸や政府・政党の建築物を訪ね、その空間と時間から権力者達の本性に迫る。建築と政治の関係性という全く新たな視座を打ち立てるノンフィクション。', 4, 10, 97),
('日本労働政治の国際関係史 1945-1964　社会民主主義という選択', '中北浩爾', '', '岩波書店', '2016-11-10', 'アメリカの強い影響下に置かれた冷戦期の日本で、自民党・財界の保守支配に代わる選択肢はなかったのか。社会民主主義を後押しする国際的な圧力が日本に対して加えられていたことを、米英日の公文書や労働組合の1次資料を駆使して明らかにする。国際関係の視座から日本の労働政治史を新たに読み替える力作。', 4, 10, 76),
('政局から政策へ―日本政治の成熟と転換', '飯尾潤', '', 'NTT出版', '2008-04-18', '現在、政治に不信感をいだいている人は多い。それは、「政策」ではなく、「政局」で政治が回っているからである。しかし、ここ20年間の政治の流れを振り返ると、そこには確かに、「政局から政策へ」という流れがあった。現在、日本政治がかかえている課題とはなにか。そしてどのような選択肢があるのか。第一人者が、日本政治のあるべき姿を提示する。', 4, 10, 86),
('債権各論上巻', '我妻栄', '', '岩波書店', '2019-07-10', '「民法講義」の第5巻として,本巻は債権法各論序説および契約総論の2章から構成される.著者の多年にわたる蓄積の集大成から生まれたものであり,契約総論の体系を,契約の成立,効力,解除の順に明快に叙述する.', 4, 11, 265),
('日本人の法意識', '川島武宜', '', '岩波書店', '1967-05-20', '西欧諸国の法律にならって作られた明治の法体系と、現実の国民生活とのあいだには、大きなずれがあった。このずれが今日までに、いかに変化し、あるいは消滅しつつあるのか。これらの問題を、法に関連して国民の多くがどのような「意識」をもって社会生活を営んできたかという観点から、興味深い実例をあげて追求する。', 4, 11, 83),
('法とは何か', '渡辺洋三', '', 'ぎょうせい', '1998-02-20', '現代社会の法の体系とはどのようなものか．私たちの生活とどう関わり，どのような影響を及ぼしているのか．著者は，長く読みつがれてきた『法とは何か』（1979年刊）を構想もあらたに全面改訂，社会生活のなかの法など，データを一新するとともに，あらたに人権また国際法の分野をくわえて，現代社会人のための法学入門として提示する．', 4, 11, 66),
('世界でいちばん虚無な場所　旅行に幻滅した人のためのガイドブック', 'ダミアン・ラッド', '', '柏書房', '2020-03-24', '南極の島に惑わされ、オーストラリアの山で絶望し、米国でユートピアの虚しい現実を知り…。Googleマップ上の悲しい地名を取り上げ、その裏に隠された物語を紹介する。', 8, 22, 60),
('現代土木材料', '町田篤彦', '', 'オーム社', '1990-08-01', '土木について学べる本', 6, 16, 86),
('辞書なしで学べる入門フランス語の最初歩', '外国語教育研究会', '', '三修社', '2004-07-15', '初学者にとって不急不要の細則や例外などは省き、本当に必要なことだけを簡潔かつ丁寧に説明したフランス語の入門書。やさしく楽しい読物を厳選し、逐語訳などによって誰でも辞書なしで学べるように工夫。', 9, 27, 110),
('高校生が感動した英語独習法(PHP新書)', '安河内哲也', '', 'PHP研究所', '2024-01-15', 'AIの時代、英語学習は不要? AIの時代だからこそ、世界の人々と英語を話してコミュニケーションをするスキルが重要になる。人気予備校講師が講義形式で、アプリ、動画、生成AIを最大限に活用した効率的な学習法を語る', 9, 26, 45),
('池上彰の若い読者のためのアジア現代史1　大韓民国・朝鮮民主主義人民共和国', '池上 彰', '', 'あすなろ書房', '2024-01-10', '日本にとっていちばん身近なアジアの国々の現代史を、初歩的なことから池上彰ならではの考察まで、順を追って、わかりやすく丁寧に解説。1は、大韓民国・朝鮮民主主義人民共和国を取り上げる。', 3, 8, 25),
('知れば知るほど怖い西洋史の裏側　思わず絶望する!?', 'まりんぬ', '', 'KADOKAWA', '2023-11-14', '謎の奇病「ガラス妄想」、ダークな大食い祭り…。イギリスを中心とした西洋史にスポットを当て、驚くべきエピソードとともに先人たちの文化や生き様を紹介する。2026年11月末日まで映像特典を視聴できるQRコード付き。', 3, 9, 40),
('新おとめ六法', '上谷さくら', '', 'KADOKAWA', '2024-04-18', '「恋愛」「SNS・インターネット」「子ども」「くらし」「しごと」「結婚」の6つの章に分け、トラブルに巻き込まれたときに行動の指針になる、法律の知識を紹介します。2023年刑法改正に対応。', 4, 11, 25),
('名探偵コナンの小学生のうちに知っておきたいお金と世の中103', '青山剛昌', '', '小学館', '2024-02-14', 'お金は貯めるだけではダメだよ。楽しくて正しいお金の使い方を、コナンや少年探偵団といっしょに、クイズを通して覚えよう! お金に関係するクイズ103問を答え&理解を深める解説とともに収録。マンガも掲載。', 4, 12, 54),
('クレーンゲームで学ぶ物理学(インターナショナル新書)', '小山佳一', '', '集英社インターナショナル', '2024-04-05', '座標、ばね、重心、てこの原理、振動、力の合成と分解、摩擦力、電磁誘導…。様々な物理の基本を、クレーンゲームで解説。ゲームの仕組みや景品をゲットするまでの悪戦苦闘も描く。わくわく実験も収録。', 5, 13, 32),
('さぁ、化学に目覚めよう　世界の見え方が変わる特別講義', 'ケイト・ビバードーフ', '', '山と溪谷社', '2024-02-28', 'コーヒーを美味しく入れるために湯を沸騰させてはいけない理由とは? テキサス大学で文系学生に向けた化学の講義も担当する化学者が、化学の基本原理と、日常にあふれる化学反応をわかりやすく、ユーモアたっぷりに紹介する。', 5, 14, 30),
('輸出立国の時代　日本の軽機械工業とアメリカ市場', '沢井実', '', '名古屋大学出版会', '2022-10-15', '復興を支え、高度成長を生み出した対米輸出への道を、自動車・家電に先駆けてアメリカを席巻したカメラ、ミシンなど軽機械の動向から包括的に解明。労働集約型産業の変貌を現場からとらえて、今日に及ぶ発展を鮮やかに描く。', 6, 17, 74),
('船の百科事典', '船の百科事典編集委員会', '', '丸善出版', '2015-12-14', 'ヒト・モノの輸送手段として我々の生活を支え、さまざまに活躍している船。その全貌を、航海・海運・港湾・造船という事柄に分けてまとめた事典。極力平易な言葉を用い、図表等を交えてわかりやすく記述する。', 6, 18, 35),
('産業(ビジネス・エッセンシャルズ)', '大阪市立大学商学部', '', '有斐閣', '2001-09-28', '産業構造や産業組織、産業体制(制度)だけでなく、交通、保険、環境、地域開発など、幅広い側面から産業分析を試みるとともに、経済社会の持続的発展のための産業活動や産業プラットフォームのあり方について論じるテキスト。', 7, 19, 30),
('世界一細かすぎる筋トレストレッチ図鑑', '岡田隆', '', '小学館', '2024-03-28', '「運動」と「栄養」に並ぶ三大要素は、ストレッチが増幅させる「休養」。部位別、トレーニング別、スポーツ動作別にカテゴライズした130を超えるストレッチ種目を、理論と共に写真で紹介する。', 8, 24, 32),
('イタリア女子が沼ったジワる日本語', 'テシ・リッゾーリ', '', '亜紀書房', '2024-04-22', 'ウケる、ドタキャン、無常、ヤバい、もんじゃ焼き、ぬくもり…。イタリア語を母語とし、イギリスの大学で学んだ著者が、日本人と日本文化、日本語に触れながら旅を続けるなかで集めた“刺さる”日本語の記録。', 9, 25, 36),
('中国語現代文学案内　中国、台湾、香港ほか', '栗山千香子', '', 'ひつじ書房', '2024-04-08', '現代中国語圏の文学を紹介するガイドブック。中国と台湾の現代文学の歴史的背景、文学潮流、近年の動向等を概説し、「作家ファイル」では、作家の写真と経歴、作風、代表作の一部の日本語訳などを収録。邦訳作品リスト付き。', 10, 29, 35),
('ピランデッロ秘密の素顔', 'フェデリーコ・ヴィットーレ・ナルデッリ', '', '水声社', '2020-03-25', '20世紀前半のイタリアを代表する小説家、劇作家として名高いピランデッロがファシズム政権を避けて<自主亡命>中のパリで、著者が3カ月にわたってインタビューした記録。半ばピランデッロの自伝とも言いうる詳細な伝記。', 10, 30, 130),
('仕事と勉強ができる人のリアル「ノート&メモ」術', '戸田覚', '', '翔泳社', '2023-02-15', '最強ビジネスパーソン、医師、研究者、クリエイター、勉強系人気インスタグラマーなど、各界で活躍する20人の、手書き&デジタルのリアルなノート実例を紹介。真似したくなるコツが満載。', 1, 1, 826),
('心と暮らしを整える手帳&ノート術', 'TJ MOOK', '', '平凡社', '2023-12-09', '忙しい日々を「書いて」整えている暮らしの達人たちの手帳やノート、スマホ活用アイデア、暮らしの工夫などを紹介。バレットジャーナル、ここゆる手帳など、仕事も暮らしもうまく回る人気の手帳術や最新手帳カタログも収録。', 1, 1, 1129),
('「すぐやる人」のビジネス手帳術', '伊庭正康', '', 'ナツメ社', '2022-12-06', '手帳に予定や計画を書きそれに従ってやっていくだけ! 楽しく続けられ、残業ゼロで短期間で成果が出せる「手帳活用術」を図表とともに解説する。職場で予定を共有している場合の手帳の使い方などよくある疑問のQ&Aも収録', 1, 1, 297),
('アルゴリズムとプログラミングの図鑑　楽しくわかる、アルゴリズムのしくみと、主要言語での書き方', '森巧尚', '', 'マイナビ出版', '2022-12-09', 'サーチアルゴリズム、ソートアルゴリズム、迷路自動生成アルゴリズムなど、アルゴリズムのしくみをイラスト図解でやさしく説明。実際の挙動を確認できるよう、主要言語によるサンプルプログラムも掲載する。',1 ,1,891),
('東郷式文科系必修研究生活術', '東郷雄二', '', '夏目書房', '2000-03-23', '現在の研究生活に不満はありませんか。研究環境、研究テーマ、論文執筆、学会発表、就職など、文科系研究者が研究生活を送るうえで必要な基本アイテムを実践的に解説した研究生活マニュアル。', 1, 1, 289),
('調べる技術書く技術　誰でも本物の教養が身につく知的アウトプットの極意', '佐藤優', '', 'SBクリエイティブ', '2019-03-04', '情報収集が手軽にできるようになった現代。集めた情報は本当に「自分のもの」になっているか。専業作家として、日々膨大なインプット、アウトプットを行う著者が、学んだ知識を「本物の教養」に変える知的生産術を教える。', 1, 1, 314),
('すごいメモ。　仕事のスピード・質が劇的に上がる', '小西利行', '', 'かんき出版', '2016-02-04', '数々の名作CM・ヒット商品を量産してきたトップクリエイターが、見るだけで瞬時に考えるポイントがわかり、即座にやるべきことに着手できるメモの取り方と使い方14メソッドを紹介。作家・伊坂幸太郎のメモ術も掲載。', 1, 1, 469),
('図書館資源の共有理念とその検証　論集・図書館情報学研究の歩み　 第16集', '日本図書館学会研究委員会', '', '日外アソシエーツ', '2017-03-02', '電子メディアあるいはネットワーク情報資源をも射程に入れ、「図書館資源共有」の具現化に向けての問題点や「現物資源を持たない図書館」の姿などについて研究者・実務者が論理的検討と現状把握を行う。', 1, 2, 143),
('図書館と法　図書館の諸問題への法的アプローチ　JLA図書館実践シリーズ　 12', '鑓水三千男', '', '日本図書館協会', '2021-04-21', '図書館をめぐる法的環境について、図書館と憲法、地方自治法、図書館法等の関係を概説し、個別の問題の法的論点を整理。図書館に関する困難な問題もQ&A形式で纏める。2019年の法改正についての私見を加えた改訂増補版。', 1, 2, 6),
('図書館への道　ビルマ難民キャンプでの1095日', '渡辺由里子', '', '鈴木出版', '2006-01-02', '(社)シャンティ国際ボランティア会(SVA)の派遣で、ビルマ難民キャンプの図書館活動に携わった著者が、その活動を振り返り、本という物的支援に加え、心(魂)への支援ともなった活動の軌跡をたどる。', 1, 2, 8765),
('ギネス世界記録　2023', 'クレイグ・グレンディ', '', '角川アスキー総合研究所', '2022-11-14', '宇宙と世界一周の旅をはじめ、地球上の生物、人体、並外れた偉業、エンターテインメント、スポーツなど、あらゆるジャンルのギネス世界記録を網羅。日本版オリジナルページ、日本各地の記録も収録する。', 1, 3, 987),
('わかもとの知恵　覚えておくと一生役に立つ', '筒井康隆', '', '金の星社', '2001-05-08', '出そうなあくびを止める知恵、坂道や階段を楽にあがる知恵、好きな人に話しかける知恵、友だちを笑わせて人気者になる知恵…。役に立ったり、ビックリしたり、感心したり、笑えたりする生活の知恵の決定版!', 1, 3, 28),
('モノのなまえ事典　アレにもコレにも!', '杉村喜光', '', 'ポプラ社', '2019-11-21', '硬貨のフチのギザギザしたアレ、お会計で使われる四角いアレ、お刺身の下のアレ、リコーダーの穴のなまえ…。ふだん見ている「アレ」や、使っている「コレ」のなまえをクイズ形式で紹介する。', 1, 3, 0),
('ヤル気の科学　行動経済学が教える成功の秘訣', 'イアン・エアーズ', '', '講談社', '2016-03-21', '試験勉強、ダイエット、禁煙、英会話…すべてに応用可能! 短期的な誘惑に負けず成功への努力を的確に行うための方法「コミットメント契約」を紹介。自分の目標を実現するための現実的な手法を伝授する。', 2, 4, 154),
('斎藤一人モテモテ道', '宮本真由美', '', 'PHP出版', '2013-02-12', '子どもも、お年寄りも、男性も女性も関係なく、会う人みんなが惚れてしまうくらいモテモテになるには? 著者が斎藤一人から教わったモテモテになるための具体的な方法を紹介する。斎藤一人の語り下ろしQ&Aも収録', 2, 5, 165),
('古事記・祝詞', '倉野憲司', '', 'たま出版', '1956-04-12', '日本の日本神話を含む歴史書。現存する日本最古の書物である。', 10, 28, 3),
(' 風土記', '秋本康春', '', '経営科学出版', '1984-01-01', '奈良時代初期の官撰の地誌。元明天皇の詔により各令制国の国庁が編纂し、主に漢文体で書かれた。', 10, 28, 983),
('万葉集', '高木市之助', '', 'ダイレクト出版', '2023-01-19', '奈良時代末期に成立したとみられる日本に現存する最古の和歌集である。', 10, 28, 435),
('古今和歌集', '佐伯梅友', '', '大月書店', '1904-03-12', '平安時代前期の歌集。', 10, 28, 165),
('竹取物語', '石井渉', '', '岩波書店', '2000-01-01', '平安時代前期に成立した日本の物語。「現存する日本最古の物語」とされて、現在では"かぐや姫"の話として一般的に知られている。', 10, 28, 385),
('伊勢物語', '阪倉篤義', '', '三一書房', '2009-10-04', '平安時代に成立した日本の歌物語。全1巻。平安時代初期に実在した貴族である在原業平を思わせる男を主人公とした和歌にまつわる短編歌物語集で、主人公の恋愛を中心とする一代記的物語でもある', 10, 28, 43),
('大和物語', '尾上圭八', '', '知恵の森出版', '2003-04-03', '当時の貴族社会の和歌を中心とした歌物語で、平安時代前期『伊勢物語』の成立後、天暦5年（951年）頃までに執筆されたと推定されている', 10, 28, 58),
('宇津保物語', '宗像和重', '', 'かんき出版', '2004-08-12', '平安時代中期の10世紀後半に成立した日本最古の長編物語。全20巻、著者は不明だが源順説などがあり、架空の話である『竹取物語』と現実的な『源氏物語』の双方の特徴を持つ作品で、当時の貴族社会における求婚や争いを描いている', 10, 28, 49),
('落窪物語', '清田真由', '', 'かなえ書房', '1995-03-12', '10世紀末頃に成立したとされる中古日本の物語である', 10, 28, 342),
('堤中納言物語', '牧野黎王', '', '産経新聞出版', '1992-01-19', '日本の平安時代後期以降に成立した短編物語集。編者は不詳。10編の短編物語および1編の断片からなるが、成立年代や筆者はそれぞれ異なり、遅いものは13世紀以後の作品と考えられる。', 10, 28, 384),
('源氏物語', '藤井厳喜', '', 'セブンアンドアイ出版', '2000-03-04', '平安時代中期に成立した日本の長編物語、小説。', 10, 28, 552),
('海上花列伝', '韓邦慶', '', '徳間書店', '2018-5-13', '清末・韓邦慶による長編小説。上海における妓女達と、それを取り巻く社会の実態を描いた作品。当時の花柳界は闇商売や阿片・賭博といった退廃的な文化、そこに集まる富豪や悪徳官僚など、社会の暗黒面が凝縮されており、これは作家達にとってまたとない題材だった。「九尾狐」「海上繁花夢」「海天雪鴻記」など多数の作品が生まれ、これは今日花柳小説として一つのジャンルを築いている。本作、海上花列伝はその花柳小説における代表的な作品。', 10, 29, 4863),
('切手もの知り図鑑', '内藤陽介', '', '日本郵趣出版', '2024-04-26', '著者の独断と偏見で５０の「一番切手」の題材を選び、それにまつわるエピソードなどをまとめたエッセイ集。それぞれの切手の背後にある発行国の歴史やお国柄などについての豊かな物語のエッセンスを抽出し紹介する。', 7, 21, 100),
('本当の経済の話をしよう', '若田部昌澄', '', '筑摩書房', '2012-10-15', '長引くデフレ不況で「失われた20年」から未だに脱することのできない日本。この異常事態にもかかわらず「本当の経済の話」がなされていない。本質をとらえない議論がまかり通っているのだ。そこで経済学のエッセンスを「インセンティブ」「トレード・オフ」「トレード」「マネー」の四つに整理。よりよく生きるために必要な経済学の思考ツールの使い方を懇切丁寧に伝授する。わかりやすさに定評のある気鋭の経済学者と、シャープに切り込む評論家が展開する。知的でスリリングな対話式講義。', 4, 12, 116),
('欧州経済史論', '大塚久雄', '', '岩波書店', '1941-10-14', '資本主義の発展史の解明に取り組んだ経済史家・大塚久雄(1907-96)は、その前段階にある「共同体」の成立と解体についても考察を進めた。「土地の占取」に注目して、アジア的、古典古代的、ゲルマン的の三形態の共同体を区別し、前近代社会の理論的な見取り図を描いた『共同体の基礎理論』のほか、関連論考を併せて収録する。', 4, 12, 135),
('一度読んだら絶対に忘れない化学の教科書', '左巻健男', '', 'ソフトバンク出版', '2004-08-05', '化学の勉強といえば、元素、分子、イオン、有機物など、膨大な用語をひたすら暗記するというイメージを持っている人が多いのではないでしょうか？でも、本当は、化学の勉強に暗記は一切不要！じつは、原子が織りなすストーリーを読み解くように学ぶことで、高校化学の理解を一気に深めることができるのです！', 5,14 ,187 ),
('化学の授業をはじめます', 'ボニー・ガルマス', '', '文藝春秋', '2008-09-25', '化学が苦手な人も、挫折した人も、これから化学を学びたい人も必読の一冊。本書は、多くの書籍で誰よりも化学をわかりやすく説明してきた著者だからこそ実現した、通読して理解できる化学の入門書です。', 5, 14, 58),
('物質科学の基礎', '梶野慈貴', '', '筑摩書房', '2016-07-16', '現代文明と物質科学が如何に深く関わっており，その成果を如何に享受して成り立っているかを，幾つかの典型例を挙げながら解説した後，この物質科学の構成要素である原子と化学結合に関して概論を述べる。', 5, 14, 89),
('ウニはすごい バッタもすごい ', '木川一雄', '', '中央公論社', '2017-02-19', '同じ飛ぶ動物でも体のつくりがまるで違う。本書は、刺胞動物、節足動物、軟体動物、棘皮動物、脊索動物の五つのグループを取り上げ、それぞれに異なる体のつくりを持ち、それぞれに繁栄しているその多彩な世界を紹介する。', 5, 15, 74),
('生物多様性 - 「私」から考える進化・遺伝・生態系 ', '本川達春', '', '小学館', '2017-09-16', '私とは何か、から始めてみよう――。『ゾウの時間 ネズミの時間』の著者による異色の生物多様性講義。地球まるごと生態系を一冊に', 5, 15, 185),
('〈生物多様性〉入門 ', '鷲田いずみ', '', '家の光協会', '2009-09-26', '豊富な食糧、きれいな水と空気、衣類や住居、医薬品、美しい風景……私たち人間のくらしは、自然の恵みに支えられている。しかし、生物たちが長い歳月をかけて作り上げてきた自然のしくみは、人間の活動によって大きく変化した。いま、注目される「生物多様性」。その本質と現状・保全の方策を、図を多用して、わかりやすく解説。', 5, 15, 105),
('列島強靱化論:日本復活5カ年計画', '藤井聡', '', '新日本出版', '2011-05-16', '瑞穂の国、日本を地震大国としてどのように守ってゆくか。 ... 柳のように、折れず しなやかに甦る 強靭化 これこそが本当の力強い日本ではないか。', 6, 16, 166),
('陸地測量部三角点利用法', '中原定三郎', '', '法蔵館', '2022-04-16', '近代土木工学を確立した泰斗の測量法必携の決定版。', 6, 16, 185),
('近代日本土木人物事典：国土を築いた人々', '高橋裕', '', '鹿島出版会', '2015-04-16', '土木の歴史は、渦中にいて時代をリードした人物を切りはなしては論じられない。前半は、明治以降に輩出した気概に満ちた諸先輩の生きざまを、年代を追ってエピソードなどを含め随想風に紹介。人物事典では、日本の近代土木を支えた先駆者520人の経歴と業績を紹介。分野別に人物を生誕年順で配列。', 6, 16, 195),
('EUの農業交渉力 - WTO交渉への戦略を練る', '篠原孝', '', '農山漁村文化協会', '2000-11-15', '日本の農政を改革し、次期ラウンドへの対応を考える第一歩として、URの交渉におけるECの動きを明らかにするとともに、その間のCAP改革の動きを追う', 7, 20, 154),
('改訂第3版 図解 もの創りのための やさしい機械工学 ', '門田和雄', '', '技術評論社', '2021-4-13', '機械工学の初学者がしっかり学べる安心の一冊! 定番のロングセラーをさらに見直し、より使いやすい改訂第3版になりました。前版同様、独習用、そして授業のサブテキストとしてフル活用できる、わかりやすくてしっかり身につく一冊です。', 6, 17, 149),
('機械設計の知識がやさしくわかる本', '西村仁', '', '日本能率協会マネジメントセンター', '2019-6-18', '・生産性を高める手段である自動化について、設計の基礎とコツを紹介します。機械設計の実務に直結した基礎知識に絞り込んで解説します。', 6, 17, 208),
('現場で使える「力学の教科書」', '堀田源治', '', '日本能率協会マネジメントセンター', '2021-3-30', '汎用機械に現れる力学現象(運動、釣合い、振動、仕事、エネルギー)に力学の基本理論を当てはめて解説する、幅広い力学(流体、機械、材料、熱力学)の基本を示す「現場目線の力学の教科書」です。', 6, 17, 130),
('船体抵抗と推進', '鈴木和夫', '', '成山堂書店', '2012-3-16', '船体に働く流体抵抗とそれに打ち勝って進むための推進性能についてわかりやすく解説。基礎知識に関するコラムや例題を多く収録。', 6, 18, 153),
('操船の理論と実際', '井上欣三', '', '成山堂書店', '2021-4-2', '船舶の安全運航に必要な操船の理論と、実際の船の動きを結び付け体系化。近年の船型の多様化と大型化に対応した新しい操船の教科書。', 6, 18, 140),
('船舶算法と復原性', '池田良穂', '', '成山堂書店', '2012-3-18', '船舶の基本設計や性能設計に関する定義や用語を丁寧に紹介し、基本的な計算方法を多くの例題と演習を交え解説。', 6, 18, 197),
('近代日本産業啓蒙書の研究　日本産業啓蒙史 上巻', '三好信裕', '', '風間書房', '1999-2-13', '	第1部.明治前期産業啓蒙書解題 1.農業啓蒙書解題 2.工業啓蒙書解題 3.商業啓蒙書解題 4.一般勧業書解題 第2部.産業近代化と産業啓蒙書 1.産業啓蒙書の出版状況 2.内容別にみた出版傾向 3.産業啓蒙書の出版動機 ほか3章', 7, 19, 58),
('愛・地球博公式ガイドブック　ジュニア版　ワンダーライフスペシャル', '三田村信行', '', '小学館', '2005-3-18', '2005年3月25日から9月25日まで開催される愛・地球博のジュニア向け公式ガイド。「教えてマンモスくん」や「未来の乗りもの大集合」などの注目特集や、会場完全ガイドなどを収録。会場レジャーマップ&コンパス付き。', 7, 19, 184),
('アメリカ産業社会の盛衰', '鈴木直次', '', '岩波書店', '2004-2-15', '自動車，家電，ハイテクなど多彩な産業の発展を通してアメリカは「豊かな社会」を実現し，二十世紀の世界をリードしてきた．だが，ますます進むサービス化，国際競争力低下，異常なドル安のなかで，アメリカそして世界の経済をどう見るべきか？　政府役割，企業経営，労使関係等に着目して主要産業の動向を詳細に描き，確かな手がかりを与える．', 7, 19, 133),
('持続する日本型農業', '篠原孝', '', '創森社', '2023-11-8', '戦後の日本をリードした考え方は、国際分業論、自由貿易であった。その延長線で農業も単作化、規模拡大、コスト低減などを打ち出し、効率一辺倒に邁進してきた。しかし、地球環境時代の21世紀は、まったく逆でCO2(炭酸ガス)の排出を抑え、輸送を少なくして自前で生きていくことが問われてくる。とくに食べ物は遠くから持ってこないで、その地でできたものをその地で食べる地産地消がベストとされている。',7, 20, 120),
('あきらめないことにしたの', '堀米薫', '', '新日本出版', '2015-6-12', '福島県飯舘村で農業をしていた渡邊とみ子さん。皆で、新しいいもとかぼちゃを世に出そうと頑張っていたとき、東日本大震災が発生しました。とみ子さんが震災の混乱の中をどう生き、震災にどう向き合っていったかを伝えます。', 7, 20, 49),
('ケナフで環境を考える　地球にいいことしよう!', '鎌野徳明', '', '文芸社', '2001-8-11', '地球温暖化を防ぐため、いま非木材資源ケナフに注目! 学校・地方自治体・企業の試みを参考に、ケナフのエコ活動、海外事情、展望と課題などをわかりやすく解説する。', 7, 20, 189),
('iOSアプリアイコン図鑑', 'マイケル・フラフープ', '', 'ホビージャパン', '2022-10-18', '十数年にわたるiOSアプリアイコンデザインの歴史が詰まったアートブック。世界中のクリエイターがデザインしたアイコン約900点を掲載。アプリアイコンデザインの成功に不可欠なコア・アスペクト(中核的要素)が学べる。', 7, 21, 89),
('もし電話がなかったら', '佐藤卓司', '', '筑摩書房', '1973-2-21', '「つたえる」ために、人間は文字をつくり、のろしをあげ、電信電話を開発してきた。身近な電話を手がかりに、たくさんのエピソードで綴る通信の歴史。', 7, 21, 199),
('NHK解体新書　朝日より酷いメディアとの「我が闘争」', '有馬哲夫', '', 'WAC', '2019-10-11', 'これがNHKの真実だ! NHK相手に訴訟(和解・実質勝訴)した著者が、自身に対してNHKがなにをしたのか、日本国民に対してどんな罪を犯したのかを明らかにし、NHKを解体するための処方箋を示す。', 7, 21, 114),
('あじわいの構造　感性化時代の美学', '津上英輔', '', '春秋社', '2011-3-11', '日常の事象を感性の問題として捉え直し、その豊かな営みとそこに潜む危うさを精密に解析。バウムガルテン以来の伝統的美学に立脚しつつアクチュアルな省察をほどこす。', 8, 22, 124),
('芸術哲学', '高沖陽造', '', 'こぶし書房', '2024-6-10', '芸術を生むための基層となる表現の自由や言論の自由、民主主義について考察し、三島由紀夫、小津安二郎、宮崎駿、村上春樹、大瀧詠一、キャロル・キングなどのアーティストとその作品を読み解きます。', 8, 22, 100),
('人新世と芸術', '岡田温司', '', '筑摩書房', '2024-1-14', '人新世（アントロポセン）。人類が地球の地質や生態系に与えた影響に注目し、近年提唱されている地質区分である。', 8, 22, 92),
('クラシック音楽の歴史', '中川右介', '', '角川書店', '2023-1-1', 'グレゴリオ聖歌から二十世紀の映画音楽まで。この1冊で流れを読み解く。', 8, 23, 60),
('音楽の理論', '門馬直美', '', '講談社', '2000-8-8', '日本のクラシック音楽評論の泰斗が、楽曲をより深く愉しむための「楽理」を詳らかにし、バロック以前から無調・多調音楽まで三七五もの名曲の譜例を採り、和声・リズム・旋律・対位法・形式・転調の真髄を説く。空前絶後の音楽理論書', 8, 23, 65),
('また逢う日まで　音楽プロデューサー本城和治の仕事録', '本城和治', '', '音楽の友社', '2001-5-3', 'スパイダースに始まり、グループサウンズ、フォーク、ジャズ、ロック、ポップスと、日本に幾多の新しいポピュラー音楽を根付かせた先進的プロデューサー本城和治。レコード大賞を受賞した尾崎紀世彦の「また逢う日まで」を筆頭に、ヒット曲を量産し続けた貴重な仕事たちについてじっくりと語り下ろした一冊。', 8, 23, 34),
('スポーツ理学療法学〜治療の流れと手技の基礎', '赤城清和', '', '羊土社', '2023-3-3', 'スポーツ理学療法ならではの考え方がわかる入門書！受傷～競技復帰までの流れが一望できる概要図と図表を多用した解説で，基礎知識がしっかり身につく．具体的な症例も紹介，実践のイメージもつかめる一冊', 8, 24, 102),
('大相撲40年史', '小谷野敦', '', '筑摩書房', '2022-11-10', '北の湖・輪島ら四横綱時代から千代の富士時代、貴乃花・曙・武蔵丸時代、朝青龍・白鵬時代まで、40年間の相撲界を著者自身の個人的体験を織り込んだクロニクル形式で振り返る。八百長事件など土俵外の騒動も解説。', 8, 24, 331),
('大相撲の解剖図鑑', '木村庄之助', '', 'エクスナレッジ', '2016-4-12', '日本の国技・大相撲ってこんなに面白い!', 8, 24, 112),
('日本語はなぜ変化するか: 母語としての日本語の歴史', '小松英雄', '', '笠間書院', '2015-10-3', '古代から現在まで見渡し、変化=進化する日本語のしくみを解き明かす。未来にも通用する言語変化のメカニズムを打ち立てた、名著の新装版。', 9, 25, 86),
('「日本人の日本語」を考える: プレイン・ランゲージをめぐって', '庵功雄', '', '丸善出版', '2018-3-21', '専門家と非専門家のコミュニケーション、行政、マスコミ、ビジネス、医療、介護、国語教育等で求められる日本語、さらには英語等における「わかりやすいことば」の国際事例を取り上げ、これからの日本社会にとっての日本語の姿を考察する。', 9, 25, 111),
('日本語 下手談義', '杉本つとむ', '', 'ひつじ書房', '2019-1-9', '日本近代語の研究者として多くの著作のある杉本つとむ氏の90歳を記念して、ご自身のこれまでに書かれたことばに関わるエッセイを集めたもの。', 9, 25, 75),
('読解力をきたえる英語名文30 ', '行方昭夫', '', '岩波書店', '2012-10-19', '英語力の基本は「読む力」。上達のコツは良い例題にくり返し取り組んで、日本語に訳してみることです。新聞コラムや心に響くエッセイ、あの小説の名シーンまで、この一冊で英語を読む力が身につく、とっておきの例文30題。和訳にチャレンジする生徒と先生の対話形式で、英文読解の基礎から応用までじっくり学べます。', 9, 26, 66),
('英語独習法', '藤井なつみ', '', '岩波書店', '2018-10-1', '英語の達人をめざすなら、類義語との違い、構文や文脈、共起語などの知識に支えられた高い語彙力が不可欠だ。記憶や学習のしくみを考えれば、多読や多聴は語彙力向上には向かない。', 9, 26, 144),
('英文標準問題精工', '中原然', '', '旺文社', '2000-11-13', '超ロングセラー"原の英標"に代表される大学受験書の決定版。入試によく出る代表的な問題をとりあげ、ツボをおさえたわかりやすい解説をしてあるので、実戦力アップにつながります。理科系科目にはパワーアップ問題集もあります。', 9, 26, 135),
('クラウン仏和辞典', '西川長夫', '', '三省堂', '2024-1-19', '基本語から最新の時事用語まで約6万3千項目、用例約8万を収録。ポイントコラム・関連コラム約200を新設し、学習情報を充実。初学者にやさしいカナ発音と動詞活用変化形索引付き。', 9, 27, 142),
('フランス語音韻論　生成恩韻論', 'フランソワ・デル', '', '研究社', '1981-10-13', '第1部では文法の概念から音韻論の構成までを豊富な例により解説し、第2部では現代フランス語の音韻体系の本格的分析をし、幅広い読者に役立つ書。', 9, 27, 165),
('愛と宿命の泉　仏和対訳シナリオ', 'マルセル・パニョル', '', '白水社', '1988-4-25', '　今世紀前半、南仏プロヴァンスの農村を舞台に泉の水源をめぐって争う人々の愛と宿命を描く文芸超大作。Y.モンタン、G.ドパルデュー、E.ベアールの名演が息もつかせぬ4時間の感動を、シナリオを対訳編集して再現。口語表現を中心に、丁寧な脚注とコラムが付いて、話し言葉の学習に最適。', 9, 27, 103),
('投書家時代の森鷗外: 草創期活字メディアを舞台に', '宗像和重', '', '岩波書店', '2007-8-9', '『読売新聞』投書欄で論陣を張る仮名の投稿者を手操り、東大医学部卒業後の鬱屈した若き森林太郎に同定し、その初心の姿を森鴎外の全生涯に重ねて浮き彫りにする表題作をはじめ、透徹した読みとしなやかな考察が漲る論考集。', 10, 28, 54),
('江戸文人論 大田南畝を中心に', '池澤一郎', '', '出版社', '2006-10-13', '狂歌や戯作作品などの俗文学を中心に研究が進められてきた大田南畝。これに対し、その文業の中心は雅文学にありとして、南畝の文人としての側面を膨大な量の漢詩文の読解に基づいて、徹底的に分析・追究する論文集。', 10, 28, 132),
('感覚の近代―声・身体・表象―', '坪井秀人', '', '沖積舎', '2006-10-13', '公と私のあわいに浮かびあがる〈感覚〉という問題系をとらえ、眼差す・触れる・嗅ぐことから歌い踊る身体まで、日本の近代化のなかで変容していく感覚表象を通じて、文学・映画・写真・歌謡・舞踊など様々な芸術ジャンルを、文化的=政冶的文脈に再配置しつつ横断的に読み解く新たな批評の実践。', 10, 28, 166),
('愛のうた 中華愛誦詩選', '竹内実', '', '中央公論社', '1998-8-3', ' 陶淵明から魯迅まで.', 10, 29, 166),
('郁達夫―その青春と詩 ', '稲葉昭二', '', '東方書店', '1992-10-14', '数奇な生涯を送った文学者の日本留学時代！', 10, 29, 94),
('一海知義の漢詩道場', '一海知義', '', '岩波書店', '1997-3-12', '若い学徒たちが、漢詩を真に理解するためのハードルを乗り越えていくドキュメント。「陸放翁鑑賞」をテキストに用い、思い込みや誤読による失敗が、やがて真の理解へと至る道を、時にジョークを交えた師弟の問答として記録。 ', 10, 29, 158),
('西洋文学', '森岡雄一', '', '東北大学出版会', '2014-12-10', '「英・米・仏・独」文学を中心に、西洋文学の流れを紐解く。巻末には「名作味読セミナー」として、おすすめ作品を紹介。', 10, 30, 204),
('西洋文学: 理解と鑑賞', '則竹裕一', '', '河出書房', '2013-10-7', '英米独仏の文学からギリシャ・ローマ,ロシア・イタリア文学まで, その大きな流れと特色を記した西洋文学案内 シンボルとアレゴリー,教養小説,口語文体,古典神話,意識の流れ,聖書と福音,古典主義とロマン主義,異化と表現主義,オリエンタリズム,メタフィクション,マイナー文学などその時代の文学を特色づける14のテーマを立て,読者を文学の面白さにいざなう. 2部では英米独仏の名作を解読する.', 10, 30, 82),
('西洋文学における古典の伝統', '鶴来一', '', '筑摩書房', '2018-11-3', 'ギリシア・ローマ文学が、後世の欧米文学にいかに大きな影響を与えてきたかを歴史的に解明。中世叙事詩から、ダンテ、シェイクスピアを経てジョイスに及ぶ。', 10, 30, 102),
('ギリシャ神話', 'オッペンハイマー', '', '新潮社', '1968-7-7', '古代ギリシアより語り伝えられる伝承文化で、多くの神々が登場し、人間のように愛憎劇を繰り広げる物語である。', 10, 30, 156),
('オデッセイ', 'ジェームズボンド', '', 'ヒカルランド', '1949-3-2', '『イーリアス』とともに「詩人ホメーロスの作」として伝承された古代ギリシアの長編叙事詩', 10, 30, 55),
('イリアード', 'ケント・デリカット', '', '名古屋大学出版会', '1954-2-11', 'ホメロスによって作られたと伝えられる長編叙事詩で、最古期の古代ギリシア詩作品である。題名は「イーリオン(イーリオス/トロイア) (について)の(詩歌)」の意味。', 10, 30, 166),
('聖書', 'ショーン・ケイ', '', 'かもがわ出版', '1994-2-14', '最新の聖書学に基づいた『聖書 新改訳』47年ぶりの全面・大改訂。『聖書 新改訳2017』の特徴① 日本語の変化に対応　日本語の変化にあわせて、よりわかりやすい訳語、訳文に変更。② 聖書学の進歩を反映　長年の研究を踏まえ、最新の底本に基づいて訳文を変更。③ 原典に忠実　新改訳の特徴である “原文が透けて見える” 翻訳を継承。④朗読に適した読みやすい日本語　過度に丁寧な箇所を改め、日本語として、より自然な文章に。', 10, 30, 92),
('アエネーイス', 'キャンペーン・ブラック', '', 'コーエーテクモゲームス', '2008-5-24', '古代ローマ、アウグストゥスの治世にマントゥア出身の詩人、プブリウス・ウェルギリウス・マロによって書かれた「アエネーイス」の訳本。英雄とローマ建国の物語を歌いながら、「歴史の運命」を示唆する壮大な叙事詩。', 10, 30, 122),
('神曲', 'ケンタウロス', '', '銀河企画', '2004-2-17', '千三百年の春、復活祭の木曜日。闇黒の森に迷い込んだ若き詩人ダンテは、尊師ヴェルギリウスに導かれ、生き身のまま地獄の門をくぐり九つの圏谷を降りてゆく。肉欲、欺瞞、異教、裏切り――地上での罪により呵責を受ける魂の叫び。ダンテは怖れ慄きながらも言葉を交わし、神が造りたもうた人間とは何か、その罪とは何かを探る。', 10, 30, 251),
('デカメロン', 'パラメータ', '', '今日の話題社', '2000-10-10', 'ペストが蔓延する十四世紀フィレンツェ。郊外に逃れた男女十人が面白おかしい話で迫りくる死の影を追い払おうと、十日のあいだ語りあう百の物語。最高の名訳でおくる不滅の大古典。', 10, 30, 3452),
('ドン・キホーテ', 'フィレオフィッシュ', '', 'サイゾー', '1994-2-15', '騎士道物語に夢中になりすぎた郷士とその従者の荒唐無稽な話と思われがちなこの長編古典『ドン・キホーテ』を，ふたりの人間性に焦点をあてて真の面白さを浮き彫りにした画期的な編集', 10, 30, 156840),
('リア王', 'ボビーオロゴン', '', '岩波書店', '1964-1-2', 'とつぜん引退を宣言したリア王は、誰が王国継承にふさわしいか、娘たちの愛情をテストする。しかし結果はすべて、王の希望を打ち砕くものだった。最愛の三女コーディリアにまで裏切られたと思い込んだ王は、疑心暗鬼の果てに、心を深く病み、荒野をさまよう姿となる。', 10, 30, 24859038),
('ハムレット', 'ケント・デリカット', '', 'かんき出版', '1994-2-8', '「生きるべきか、死ぬべきか、それが問題だ。――」王子ハムレットは父王を毒殺された。犯人である叔父は王位に、殺人を共謀した母は、その妻におさまる。ハムレットは父の亡霊に導かれ、気の触れたふりをして復讐の時をうかがうが……。', 10, 30, 294),
('告白', 'ケビン・クローン', '', '幸福の科学出版', '1954-1-2', '十八世紀フランス最大の思想家ルソーの赤裸々な告白の書。この波乱に満ちた物語は、ジュネーヴで時計師の息子として生まれたルソーの内気な幼少時代の回想にはじまる。', 10, 30, 342),
('ロビンソン・クルーソー', 'ジーン・エルドリッヂ', '', '第三文明社', '1943-2-16', '一六三二年、英国に生れた船乗りロビンソンは、難破して絶海の孤島に漂着した。ここから二十八年に及ぶ無人島生活が始まった──。不屈の精神で鳥や亀を獲り、野生の山羊を飼い慣らしてバターやチ ーズを作り、パンまでこしらえてしまう。ところが驚天動地の事態が……。', 10, 30, 342),
('トム・ジョーンズ', 'トム・ジョーンズ', '', '健康出版', '1958-4-1', 'ある日、大地主オールワージの屋敷で捨て子の赤ん坊が見つかる。赤ん坊はトム・ジョウンズと名づけられ、トムは大地主の養子として、大地主の妹ブリジェットの息子ブライフィルとともに育てられる。トムは隣家の地主の娘ソファイアと相思相愛になるが、ソファイアは両家の親によってブライフィルと婚約させられていた。陰謀家のブライフィルはトムを中傷して家を追い出してしまう。トムはロンドンへ向かい、ソファイアも家を飛び出し後から追いかける。だがトムは行く先々で女性たちに言いよられ、決闘騒ぎに巻き込まれたり、波乱に満ちた暮らしをおくる。', 10, 30, 532),
('ボヴァリー夫人', 'アント・フローベール', '', '三栄', '1999-1-9', '甘い恋の毒が人妻を狂わせる。夫の陰で情事を重ねる美人妻の、悲劇的な末路――。サブタイトルは「地方風俗」。村の不倫話を芸術にまで昇華させた仏文学の金字塔、待望の新訳!', 10, 30, 335),
('聖アントワヌの誘惑', 'アンリ・フローベール', '', 'セブンアンドアイ出版', '2024-7-1', 'フローベールが30年の歳月をかけて完成した、一種の夢幻劇的小説。紀元4世紀頃、テバイス山上にて隠者アントワヌは、一夜の間に精神的生理的抑圧によって見たさまざまな幻影に誘惑されながら、十字架の許を離れず、生命の原理を見出して歓喜する。幻覚の発生様式、当時の風俗習慣など、完璧な美しさと厳密な様式を持つ作品。ミシェル・フーコーが「幻想の図書館」で "図書館は火につつまれている" と記したが、これは書物たちの夢としてのフローベールの『聖アントワーヌの誘惑』を批評する中での一句である。', 10, 30, 21),
('クレーヴの奥方', 'ラファイエット夫人', '', '作品社', '2018-2-5', '道ならぬつらいしかし清い恋に悩んでいるクレーヴ公の奥方が、夫君にそれを打開けて庇護を求めたために、心に悩むものを二人生じる結果になった、悲しい純潔な恋の物語である。フランス心理小説の古く輝かしい伝統の最初の礎石ともいうべき名作で、他に『モンパンシエ公爵夫人』『タンド伯爵夫人』を収める。', 10, 30, 5614),
('赤と黒', 'スタンダール', '', '彩雲社', '2011-9-4', '貧しい生まれの美青年が燃やす権力への野心。19世紀フランス文学の革命的名著。製材小屋のせがれとして生れ、父や兄から絶えず虐待され、暗い日々を送るジュリヤン・ソレル。彼は華奢な体つきとデリケートな美貌の持主だが、不屈の強靱な意志を内に秘め、町を支配するブルジョアに対する激しい憎悪の念に燃えていた。僧侶になって出世しようという野心を抱いていたジュリヤンは、たまたま町長レーナル家の家庭教師になり、純真な夫人を誘惑してしまう……。', 10, 30, 1543),
('イワン・イリッチの死', 'レフ・トルストイ', '', '産経新聞出版', '2011-3-11', 'トルストイの文体が持っている「音とリズム」を日本語に移しかえることを意図した新訳。近代小説への懐疑をくぐり抜けた後の、新しい作風を端正な文体で再現する。', 10, 30, 15849),
('アンナ・カレーニナ', 'レフ・トルストイ', '', '産経新聞出版', '1994-10-14', '青年将校ヴロンスキーと激しい恋に落ちた美貌の人妻アンナ。だが、夫カレーニンに二人の関係を正直に打ち明けてしまう。一方、地主貴族リョーヴィンのプロポーズを断った公爵令嬢キティは、ヴロンスキーに裏切られたことを知り、傷心のまま保養先のドイツに向かう……。激動する１９世紀後半のロシア貴族社会の人間模様を描いたトルストイの代表作。真実の愛を求め、苦悩する人間たちが織りなす一大恋愛叙事詩。', 10, 30, 555),
('永遠の夫', 'ドストエフスキー', '', '光人社', '1954-2-16', '妻の浮気も黙認し、守ったものは「夫の座」。亭主であるほかに何の能もない男の悲哀を描く大文豪の異色作。大作『白痴』と『悪霊』の間に書かれた。妻はつぎつぎに愛人を替えていくのに、浮気ひとつできず、その妻にしがみついているしか能のない、生涯ただただ“夫"であるにすぎない“永遠の夫"の物語。ある深夜、ヴェリチャーニノフは、帽子に喪章をつけたトルソーツキーの訪問を受け、かつて関係のあった彼の妻の死を告げられる。屈辱に甘んじながら演じられる男の不可解な言動、卑屈さと根強い復讐心に揺れ動く深層心理を描いた名編。', 10, 30, 285),
('罪と罰', 'ドストエフスキー', '', '三和出版', '1967-3-21', '酷暑のペテルブルグ。小さな部屋で鬱々と暮らす貧乏な学生のラスコーリニコフ。彼には、郷里の家族の期待がかかっていた。しかしある夕暮れ時、彼は高利貸しの老人を斧で叩き殺してしまい──。', 10, 30, 882),
('水の上', 'モーパッサン', '', '現代思潮新社', '1994-2-11', '一代の鬼才モーパッサンが晩年に近い頃，陸上生活の煩雑を避けて地中海を一片の孤舟「ベラミイ」に乗って周遊し，アルプスの遠望，アゲエ湾上の新月，恋に酔うふたりの若人，鉄仮面のこもる城塞，囚人の脱走奇譚，モナコ王国の奇習などをその警抜な観察と，微妙な描写に托したもの．', 10, 30, 1954),
('アッシャー家の崩壊', 'エドガー・アラン・ポー', '', 'リスキル出版', '2003-10-18', '陰鬱な屋敷に旧友を訪ねた私。神経を病み衰弱した友と過ごすうち恐るべき事件が起こる……ホラーの傑作「アッシャー家の崩壊」「ライジーア」、催眠術が奇怪な現象を引き起こす「ヴァルデマー氏の死の真相」、自然の驚異を臨場感豊かに描く「大渦巻への下降」、文学的テイスト溢れる「群衆の人」、名探偵デュパンの推理が冴える「盗まれた手紙」、暗号解読と宝探しが楽しい「黄金虫」、詩「大鴉」「アナベル・リー」を収録。', 10, 30, 254),
('ウィリアム・ウィルスン', 'エドガー・アラン・ポー', '', '三和出版', '2017-2-1', 'この作品は、二重人格(ドッペルゲンガー)の作品である。人間の二面性をうまくとらえ、かつ恐ろしく描かれている。二重人格が描かれたのは本作が最初であり、この作品に影響を受け、生まれた傑作も数多い。', 10, 30, 1643),
('スワン家のほうへ', 'マルセル・プルースト', '', '駿台文庫', '2019-4-11', '恋愛心理の微妙な襞を描いて名高い章。上流貴族の社交界に出入りする粋人だったスワン。美貌の高級娼婦オデットと知り合い、親密な仲になる。が、恋の喜びも束の間、彼女の行状に疑念が湧き…。愛と嫉妬、憧れと幻滅の恋心をうつす。', 10, 30, 548),
('ドルジェル伯の舞踏会', 'レイモン・ラディゲ', '', '三和出版', '1996-4-1', '上流社交界に群れ集まる人々の恋愛心理のきらめきを、ひだを、投影を、反射を、てらいのない透徹した文体で描いた、天才ラディゲの十九歳の作。その人間心理のロマネスクを玻璃の建築の骨組みと見て「いつまでも目に残るのは、すべてを引き絞って大団円への効果へ収斂してゆく、その光学的構造であった」…三島由紀夫はこう書いた。', 10, 30, 548),
('狭き門', 'ジッド', '', '岩波書店', '2004-5-3', '早く父を失ったジェロームは少年時代から夏を叔父のもとで過すが、そこで従姉のアリサを知り密かな愛を覚える。しかし、母親の不倫等の不幸な環境のために天上の愛を求めて生きるアリサは、ジェロームへの思慕を断ち切れず彼を愛しながらも、地上的な愛を拒み人知れず死んでゆく。残された日記には、彼を思う気持ちと“狭き門”を通って神へ進む戦いとの苦悩が記されていた……。半自伝的小説。わかりやすい解説および年譜を付す。', 10, 30, 284),
('法王庁の抜け穴', 'ジッド', '', '三一書房', '2005-6-12', '奇蹟によってカトリックに回心したフリーメーソン会員のアンティムと、幽閉されたローマ法王を救い出すという詐欺を企てる《百足（むかで）組》の首領プロトス。そして、予期せぬ莫大な遺産を手にしながらも「無償の行為」に走る19歳の青年ラフカディオ。登場人物それぞれに起こる偶然の出来事が複雑に絡み合う。時代を画したジッドの傑作「犯罪小説」。', 10, 30, 542),
('ブッデンブローク家の人々', 'トマス・マン', '', 'テーミス社', '2014-9-9', '老ヨハンは、意志の強い男である。長男が自分の意にそわぬ家の娘と結婚したことを理由に、廃嫡をおこない、すでに自分の商会を次男の手に委ねている。だが、完全に引退したわけではなく、権威をあいかわらず保持している。二代目は、商会の仕事を大きくしていく意志においては父に劣らない。だが、父と異なり、がむしゃらに事業に専念するタイプではなかった……。「ある家族の没落」の副題をもつ、トーマス・マン25歳のときの処女長編であり、当時のヨーロッパでベストセラーとなった。', 10, 30, 3853),
('退屈な話', 'チェーホフ', '', 'こぶし書房', '1999-4-3', 'この巻にはチェーホフの代表的な中編「退屈な話」と、最晩年の作品「いいなずけ」を収めた。「退屈な話」は、立派な経歴をもちながら退職後の生き方に自信をもてない絶望的な老教授の心境をえぐった中期の代表作品、「いいなずけ」はこれと対照的に、新しい生活への意欲を燃やして進んでいく娘を描いたチェーホフ43歳のときの最後の小説である。このときチェーホフは戯曲「桜の園」を執筆中で、翌年１月に初演にまでこぎつけたが、結核の症状が悪化し、７月には帰らぬ人となった。', 10, 30, 1558),
('桜の園', 'チェーホフ', '', 'たま出版', '1986-10-12', '南ロシアの5月，美しく咲いた桜の園に5年ぶりに帰ってきた当主ラネーフスカヤ夫人．思い出に浸る彼女を喜び迎える屋敷の人びと．しかし，広大な領地はすでに抵当に入り，まもなく競売にかけられる運命にある．さまざまな思いの交錯するなか，いよいよその日がやって来た…チェーホフ最後の，そして最も愛されてきた戯曲．', 10, 30, 594),
('死せる魂', 'ゴーゴリ', '', 'ヒカルランド', '1999-10-5', 'ロシアのＮ市にあらわれた男は招待を受けた紳士のもとを順に訪れ、「死んだ農奴を売ってくれ」と申し出る…いったい何のため…巨大なロシア文学の森の出発点となった記念碑的作品。全体は良質なミステリーでもある。', 10, 30, 153),
('ユリシーズ', 'ジェイムズ・ジョイス', '', '小学館', '2015-3-12', '20世紀最高の文学「ユリシーズ」待望の文庫化。新しい文体を創始し、表現の可能性の極限に迫ったといわれる傑作。最高の訳者たちによる達意の完訳は、世界にも類のない作品。', 10, 30, 288),
('若き芸術家の肖像', 'ジェイムズ・ジョイス', '', '岩波書店', '2008-2-2', 'あの難解とされた名作はこんなにも面白かった! 鮮やかな丸谷流新解釈が冴える『ユリシーズ』へと繋がるジョイスの半自伝的小説。', 10, 30, 555),
('人間の条件', 'アンドレ・マルロー', '', '学研', '1900-4-23', 'かつてインドシナの地にアンコールワットやアンコールトムを造営し繁栄を誇ったクメールの王国──〈王道〉とはそこに存在した道路である。巨万の富を求めて密林の奥深く古寺院を探して分け入るクロードとペルケン。悪疫、瘴気、そして原住民の襲撃。マルロー自身の若き日のインドシナ体験を基に、人間存在と行為の矛盾を追求した不朽の冒険小説。', 10, 30, 682),
('虚偽意識', 'ジョゼフ・カベル', '', '人文書院', '1980-5-1', '虚偽意識の社会的形態であるイデオロギー（その最たるものが人種主義）と、その個人的形態である精神分裂病をともに「時間の空間化」（疎外態）として把握し、ルカーチ、ベルグソン、ミンコフスキーを引継いで、弁証法に立つ壮大な全体的物象化論を展開。', 2, 4, 16),
('心理学', '河内十郎', '', '東京大学出版会', '2024-5-1', '心理学の全体像を見通し、体系立てて学べる定番テキストの第5版補訂版。新たに編者を迎え、4章（記憶関連部分）を全面的にアップデート。その他、認知神経科学関連の情報を中心に、内容を補充。概要をつかみたい初学者から、ポイントを押さえて復習したい大学院受験者まで、幅広いニーズに対応。', 2, 4, 159),
('好きなひとに愛される心理学 ―「恋愛」は作れる。', '植西聡', '', '医学書院', '2005-10-3', '『平常心のコツ』『「折れない心」をつくるたった1つの習慣』など数多くのベストセラーを書いた心理カウンセラー植西聰先生が贈る「誰よりあなたの味方になる本」です。', 2, 4, 1591),
('現代心理学', 'P・G・ジンバルドー', '', 'サイエンス社', '2016-4-13', '初版以来10版を重ね，すでに全米で絶対的評価をかちえている書の完訳版．複雑に専門分化した現代の心理学を一望におさめ，人間の生活と心理学との関わりに力点をおいた，いわば「生きている心理学」をめざした概論書中の最高峰．', 2, 4, 1259),
('図解雑学恋愛心理学', '小島肇', '', 'ナツメ社', '2013-6-9', '恋愛は人生の一大イベント。本書では、恋を勝ち取るために有効な心理学の知識、実践的なテクニックを、マンガ風のイラストとともにわかりやすく解説。', 2, 4, 3914),
('マインドウォッチング', 'マイケル・アイゼンク', '', '朝日新聞出版', '2013-5-14', '心理学者は、人間行動の研究から何を学ぼうとしているのか？究極的な目的は、人びとの行動がなぜそんなふうになるのか、理由を理解することにある。人間の行動に真の光をあてるのに、常識はあまり役に立たない。心理学実験による諸発見は、直観に反するもの、つまりびっくりするような、まったく予期しないもののことが多い。本書では、心理学の歴史上もっとも重要な諸実験をとりあげる。', 2, 4, 1594),
('心理学の最前線―専門家１１人との対話', 'ジョナサン・ミラー', '', '同朋舎', '1988-11-2', '心理学はどこまできたか。コンピュータ・サイエンス、精神医学・文化人類学等、精神の理解に向けて果敢に他分野と交流する心理学の“いま”を、英米の第一線で活躍中の研究者たちが語る。', 2, 4, 856),
('性格はいかにつくられるか', '詫摩武俊', '', '岩波書店', '1962-5-13', '一人一人の顔が異なるように，その性格も千差万別である．人の性格の違いはどこからくるのだろうか．現代の心理学が性格形成についてどの程度まで，またどのような方法で研究しているかを述べ，性格に及ぼす環境の影響と遺伝的基礎について検討する．とくに双生児の比較研究を通して，遺伝的要素との関係を興味深く語る．', 2, 4, 156),
('性格心理学への招待　――自分を知り他者を理解するために', '詫摩武俊', '', 'サイエンス社', '1997-8-10', '本書は性格心理学の概説書である。現在の性格心理学がどんな問題を取り上げ、何を明らかにしてきたのかを読者は読み取ることができよう。', 2, 4, 1583),
('夢分析入門', ' 鑪幹八郎', '', '創元社', '2020-5-1', '人間にとっての永遠の神秘「夢」については古来、無数のイメージ理解があり、それを無意識という発想で総合したのが「精神分析」であった。その精神分析は時に「夢占い」のように誤解されることもあるが、本書ではあくまでも夢見手の生き様(心の状態から体の調子まで含め)と心的交流に触れる手がかりとして捉える。', 2, 4, 6849),
('倫理書簡集', 'セネカ', '', '東海大学出版', '1999-10-15', '「道徳書簡集」は現存する124通の手紙を収め、セネカ最晩年の作とされる。多事多難の生涯にわたって長年体験し考え続けてきた思想を、平易に、簡潔に、それでいて俗には堕さず、学問的色彩も失わずに説く。本邦初の全訳。', 5, 2, 5843),
('義務も制裁もなき道徳', 'ギョイヨー', '', '岩波書店', '2019-5-12', 'フランスの天才的思想家ギュイヨー（1854‐1888）は，本書において，従来の形而上学的道徳を批判し，事実に基づく科学的合理的道徳を樹立しようとした．彼がここに描く道徳は，外部的強制的な義務も賞罰の制裁も必要としない自主的道徳，すなわち「自由と連帯」の道徳であり，モラリスト，生の詩人哲学者としての著者の本領をもっともよく伝えるもの．', 5, 2, 160),
('理由と人格', 'パーフィット', '', '勁草書房', '1995-10-4', '人格の同一性、道徳性、合理性などにまつわる私たちの奥深い信念を揺るがす現代倫理学からの挑戦。奇抜な思考実験により拓かれた新領域をあますところなく論述する。', 5, 2, 7685),
('善と悪の究極について', 'キケロ', '', '岩波書店', '2013-5-11', 'ンペイウスらとともに共和政末期ローマの現実を激しく生きた，その生から紡ぎ出された著作の数々は，実践人をも惹きつけた尽きせぬ巨大な遺産にほかならない．主要著作を厳選，収録した本選集によって，知られざるローマの巨人の全貌が，ここに初めて開示される．', 5, 2, 1499),
('随想録', 'モンテーニュ', '', '岩波書店', '2008-8-13', '日常的な個別の体験を、日常的な個別の言葉で語り、その思想の体系化をめざしはしない――独自の哲学を記述するためのまったく新しいジャンル「エッセー」で、モンテーニュが語る、よりよく生きるための哲学。増補決定版。', 5, 2, 1889),
('人間不平等起原論', 'ルソー', '', '光文社', '2012-6-10', ' わたしたちは、フランス革命を導いたルソーの代表作である本書と『社会契約論』に繰り返し立ち戻ることで、国民がほんとうの意味で自由で平等であるとはどういうことなのか、どうすれば国民が真の主権を維持できるのかを、自分の問題として問い直すことができるはずである。', 5, 2, 1594),
('思考集成Ⅹ 1984-88　倫理／道徳／啓蒙', 'フーコー', '', '筑摩書房', '2000-1-1', '『性の歴史』２、３巻が刊行された１９８４年、その６月にフーコーを襲ういたましい死。最後の二著で発展を見た自己の技法の問題系をおし進め、カントの啓蒙の問いとの接続をとげた「啓蒙とは何か」他を収録。', 5, 2, 2659),
('精神分析の倫理', 'ラカン', '', '岩波書店', '1980-11-1', '「精神分析における倫理とはなにか」をテーマに掲げた1960年の挑発的なセミネール。無意識のうちにはたらく罪の意識など、善悪の認識の由来を論じる。', 5, 2, 1341),
('ドゥルーズ/ガタリ', 'アンチ・オイディプス', '', 'みすず書房', '2010-5-12', '最初の訳から二十年目にして“新訳”で贈るドゥルーズ=ガタリの歴史的名著。「器官なき身体」から、国家と資本主義をラディカルに批判しつつ、分裂分析へ向かう本書は、いまこそ読みなおされなければならない。', 5, 2, 3031),
('ひとつではない女の性', 'イリガライ', '', '勁草書房', '2013-4-10', '母に還元されえない女、人間＝男にもならない女とその属性である〈女性的なもの〉。現代フランスにおける女性解放思想の極地。', 5, 2, 1589),
('欲望の主体 ヘーゲルと二〇世紀フランスにおけるポスト・ヘーゲル主義', 'ジュディス・バトラー', '', '堀ノ内出版', '2003-1-5', 'ジュディス・バトラーについては、すでに多くの著作の訳書があり、日本でも受容が進んでいる。しかし、彼女の思想的出発点となったヘーゲル研究については十分な理解が進んでいるとは言えない。バトラーのフェミニズム、クィア理論、さらには政治的主張を理解する上でも、その基礎となっている彼女のヘーゲル理解、そしてそれに基づくフランス二〇世紀哲学についての理解を示した本著の邦訳刊行は、日本における哲学、フェミニズム、政治思想における議論に大きく貢献することになるだろう。', 5, 2, 3256),
('経済学・哲学草稿', '著者', '', '光文社', '2003-9-10', '勃興する資本主義の過酷さを鋭く分析・批判し、のちの『経済学批判』『資本論』に結実する経済学的思考。ヘーゲル批判から発し、私有財産の哲学的解明と労働疎外の問題に取り組み、自然との関係、労働の意味を肯定的に捉え直そうとする哲学的思考。この二つの思考が交わるところで生まれた革新的な思想。初期マルクスを代表する重要論文であり、マルクスがマルクスになった記念碑的著作でもある。', 5, 2, 1957),
('この最後のものにも', 'ラスキン', '', '筑摩書房', '2010-5-4', 'ヴィクトリア朝の繁栄と大不況の狭間、古典経済学にまっこうから批判の諸編と道徳講話の魔力的筆致。両面供に一人に混淆した奇蹟', 5, 2, 1384),
('三教指帰', '空海', '', '角川書店', '2013-4-12', '日本に真言密教をもたらした空海が、渡唐前の青年時代に著した名著。放蕩息子を改心させようと、儒者・道士・仏教者が説得するが、息子を納得させたのは仏教者だった。空海は、ここで人生の目的という視点から儒教・道教・仏教の3つの教えを比較。その特徴を明らかにし、進むべき道をはっきりと打ち出していく。また、青年空海にとって生きるとは何かが熱く説かれている。読みやすい現代語訳と、原文、空海の略伝を収載。', 6, 2, 3845),
('歴史序説', 'イブン・ハルドゥーン', '', '講談社', '1999-1-9', '十四世紀のチュニスに生まれ、政治家として栄達と失脚を繰り返すなかで独自の「文明の学問」を拓いたイブン=ハルドゥーン。文明と王権はいかにして崩壊するのか、都会と田舎の格差はなぜ広がるのか、歴史の動因となる「連帯意識」とは――。イスラーム世界にとどまらない普遍性と警句に満ちた主著『歴史序説』', 6, 2, 883),
('翁の文', '富永仲基', '', '沖積舎', '1996-3-12', 'インドは幻術、中国は文辞、日本はただものをかくす神秘秘伝伝授のやり方が癖。', 6, 2, 1953),
('宗教の自然史', 'ヒューム', '', '河出書房', '1992-11-5', '謎と神秘にみちた宗教の起源と盛衰を自然史的に考察し、多神教と一神教の比較を通じて人間本性の深部に迫る。宗教学・哲学・文化人類学等に大きな方法論的影響をあたえた先駆的論考であり、ヒューム再評価を促す古典', 6, 2, 1549),
('存在の大いなる連鎖', 'ラヴジョイ', '', '筑摩書房', '2024-6-13', '西洋人が無意識裡に抱き続けてきた「存在の大いなる連鎖」という観念。その痕跡をあらゆる学問分野に探り「観念史」研究を確立した名著。', 6, 2, 867),
('たんなる理性の限界内の宗教', 'カント', '', '白土社', '1994-2-4', '1994年、冷戦後のヨーロッパ世界が、キリスト教、ユダヤ教、イスラム教の三すくみ状況のなかで混迷する時代に突入した政治的・思想的危機を目の前にして哲学者たちがカプリ島に集まった', 6, 2, 114),
('シュライエルマッハーのクリスマス', 'シュライエルマッハー', '', '教文館', '1993-2-2', 'ここにはドイツの標準的家庭におけるクリスマス・パーティが描かれている。8人の大人と2人の子どもの対話をめぐって、クリスマスの真の意味を深める!シュライエルマッハー37歳の時の入魂の作品!!', 6, 2, 493),
('道徳の系譜学', 'ニーチェ', '', '航思社', '1999-3-9', '本書は『善悪の彼岸』の結論をひきつぎながら、キリスト教的道徳観と価値観の伝統を鋭い刃で腑分けしたものであり、新しい道徳と新しい価値の可能性を探るものとして、いまなお大きな刺激を与えつづけている。', 6, 2, 865),
('金枝篇', 'フレイザー', '', '講談社', '2003-1-2', '民族学の不朽の古典を読みやすい〔図説・簡約版〕で世界各地の神話・呪術・タブーを集成し、20世紀の人文学に多大な影響を与えた全13巻におよぶ大著のエッセンス', 6, 2, 942),
('プロテスタンティズムの倫理と資本主義の精神', 'ウェーバー', '', '出版社', '1900-4-23', '営利の追求を敵視するピューリタニズムの経済倫理が実は近代資本主義の生誕に大きく貢献したのだという歴史の逆説を究明した画期的な論考。マックス・ヴェーバー(一八六四-一九二〇)が生涯を賭けた広大な比較宗教社会学的研究の出発点を画す。旧版を全面改訳して一層読みやすく理解しやすくするとともに懇切な解説を付した。', 6, 2, 1454),
('トーテムとタブー', 'フロイト', '', '修学社', '1998-2-14', 'オセアニアやアフリカ原住民にみられる「トーテム」という制度について、精神分析学的に考察した論考。1913年に発表されたが、神話を独自に研究することとなるユング,C.G.との決別も経るなかで発表された。', 6, 2, 453),
('宗教的経験の諸相', 'デュルケーム', '', '岩波書店', '2000-1-6', 'デュルケムにとってトーテム集団は、宗教生活のみなずら社会そのものの原初形態であった。彼の考察は、信念や儀礼等の宗教的側面にとどまらず、思考の基本的な枠組、時間や空間の概念にまでも拡がってゆく。ウェーバーと並んで宗教社会学を確立し、以後の社会学の各分野に多大な影響を及ぼしたデュルケムの最後の著書', 6, 2, 159),
('日本人の歴史意識', '阿部謹也', '', '岩波書店', '1970-10-14', '歴史好きだといわれる日本人だが，その一方で歴史意識の欠如が問われることも多い．日本人にとって歴史とは何だろうか．これまで世間という視角から日本社会・日本人を論じてきた著者が，西欧社会と比較しながら「世間」を歴史的に分析して，日本人の歴史意識を考える．歴史研究の総決算として書き下ろされたもの．', 3, 7, 143),
('増補中世日本の内と外', '村井章介', '', '筑摩書房', '1993-12-11', '「国境」という概念が定着する以前から、東アジア世界にもたしかに領土・領有意識はあった。しかしそれはあくまで権力者の都合によるもので、一般の民衆には大きな意味をなさなかった。日本と新羅の国交が断絶した９世紀、朝鮮半島南西部を拠点にした海上貿易のドン・張宝高は、日本に唐物の商品を運び、貴族からも大いに喜ばれた。また中国の仏教聖地を訪れるために遣唐使船に同乗した天台僧の円仁は、新羅人の船に乗って帰ってくる。日朝間の海域では「倭人」が活発な交易を行っていた。境界を軽々とまたぎ、生活していた東アジアの人びとに焦点をあて、境界観の歴史をたどる。', 3, 7, 1450),
('ヤマト王権', '吉村武彦', '', '岩波書店', '2012-9-15', '日本列島にはじめて成立した統一国家、ヤマト王権。その始まりはいつだったのか。最初の「天皇」は誰なのか。王宮や王墓の変遷は何を物語るのか──。『魏志倭人伝』等の中国の正史や金石文ほか、貴重な同時代資料に残された足跡を徹底的にたどりつつ、ひろく東アジア全域の動きを視野に、多くの謎を残す時代の実像に肉迫する。', 3, 7, 1245),
('女帝の古代日本', '吉村武彦', '', '岩波書店', '2006-3-12', '「女帝の子もまた親王とする」という律令の一条は，はたして何を意味するのか．六人・八代もの女帝がつづけて誕生したことの意味は？──古代律令制国家において「女性天皇」は，むしろ一般的な存在であったものと見なし，即位の背景を徹底的に読み込むところから，「女帝の世紀」の謎をとく．今後の議論の基本となる，必読の一書．', 3, 7, 1594),
('東国武士団と鎌倉幕府', '高橋一樹', '', '吉川弘文館', '2005-2-15', '頼朝挙兵によって風雲急を告げる十二世紀後半の東国。京都の政治権力と結びつく東国武士たちのネットワークは、鎌倉幕府成立後にいかに変容したのか。都市鎌倉をめぐる交通体系の展開を、内乱を通じて浮き彫りにする。', 3, 7, 642),
('源平の争乱', '上杉和彦', '', '吉川弘文館', '2014-3-12', '「武者の世」の幕開け―武家の棟梁(とうりょう)をめざし、熾烈な争いを繰り広げた源氏と平氏。『平家物語』などによって語り継がれ、歴史のロマンあふれる源平合戦の全貌とその時代を描き出す。一ノ谷合戦「坂落とし」の真相に迫り、また戦の中の民衆の姿を浮き彫りにするなど、その後の日本人の精神構造に大きな影響を与えた、源平の争乱の歴史的意味を問う。', 3, 7, 4218),
('喧嘩両成敗の誕生', '清水克行', '', '講談社', '2003-6-7', '中世、日本人はキレやすかった!大名から庶民まで刃傷沙汰は日常茶飯、人命は鴻毛のごとく軽かった。双方の言い分を足して二で割る「折中の法」、殺人者の身代わりに「死の代理人」を差しだす「解死人の制」、そして喧嘩両成敗法。荒ぶる中世が究極のトラブル解決法を生みだすまでのドラマ。', 3, 7, 2741),
('慶安の触書は出されたか', '山本英二', '', '山川出版', '2002-5-6', '慶安の触書は、歴史の教科書なら必ず登場する、百姓の生活全般にわたって規制したとされる、江戸時代で最も有名な法令である。ところがいまだかつて、日本のどこからも一六四九年に出されたはずの現物が見つかっていない。本当に慶安の触書は実在したのか、それとも後世の偽文書なのか。本書では、一片の法令の謎解きを通じて、江戸時代の幕府と各地の大名・旗本、そして村と百姓を考える。', 3, 7, 384),
('江戸の訴訟', '高橋敏', '', '岩波書店', '2011-1-13', '嘉永2年（1849），とある村で1人の無宿人が殺された．勘定奉行までが乗り出す大事件に巻き込まれ，裁判に奔走する村名主．その活躍を通して見える幕末期江戸の姿とは？　暗躍する用人たち，官官接待の実際など，名主が残した日記や多くの周辺資料を駆使して，当時の社会の仕組みや，その中でうごめく人々の様態を活写する．', 3, 7, 2356),
('百姓の力', '渡辺尚志', '', '角川書店', '2015-10-9', '江戸時代、社会の基盤をなした村とはどんな世界であり、人々はそこでどのように暮らしていたのか。「割地」や「無年季的質地請戻し」など、土地や山野の所有をめぐる独特な慣行を重視しながら、小農・豪農・村・地域社会に焦点をあて、その歴史や役割を平易に解説。年貢と搾取に耐える弱者のイメージを覆し、自立した豊かで逞しい百姓たちの姿を紹介する。私たちの祖先や故郷へとつながる「本当の歴史」が見えてくる!', 3, 7, 1594),
('浦上キリシタン流配事件ーキリスト教解禁への道', '家近良樹', '', '吉川弘文館', '1994-2-11', '明治6年、キリシタン禁制の高札が撤去された。しかし、政府にキリスト教弾圧を断念させたのは、通説のような諸外国の圧力だったのか。明治初年の浦上キリシタン流配事件を通して、政治と宗教の問題を考える。', 3, 7, 4294),
('秩禄処分', '落合弘樹', '', '講談社', '1995-2-13', '秩禄処分とは、明治9年、華族・士族に与えられていた家禄を廃止し、「武士」という特権的身分を解体した変革である。現代にたとえれば、公務員をいったん全員解雇して公職を再編するようなこの措置は、なぜ、曲折を経つつも順調に実施され、武士という身分はほとんど無抵抗のまま解消されたのか。江戸時代以来、「武士」はどのように位置付けられ、没落する士族たちは、新たな時代にどう立ち向かっていったのかを明らかにする。', 3, 7, 2584),
('はじめての明治史', '山口輝臣', '', '筑摩書房', '1999-10-2', '「幕府はどうして倒れたのか?」「日露戦争はなぜ起きたのか?」など、近代史の謎に第一線の歴史家が挑み、学生の鋭い問いに答える。スリリングな講義の実況中継。', 3, 7, 986),
('幕末史', '佐々木克', '', '筑摩書房', '2000-11-13', '日本が大きく揺らいだ激動の幕末。江戸が終わり、国際社会へ漕ぎだしていった時代に、いったい何が起きたのか。吉田松陰、坂本龍馬、大久保利通といった若者たちは、どのような志を抱いて生きたのか。本書は、日本を立ち直らせるために「挙国一致」で立ち向かった人々の姿を、最新の史料からダイナミックに見通していく。黒船来航から明治国家の創設まで、日本が根底から生まれ変わる軌跡を、第一人者が一望に収める。', 3, 7, 228),
('日本近代社会史─社会集団と市場から読み解く　1868-1914', '松澤裕作', '', '有斐閣', '2003-5-11', '近世の身分制社会が崩れる19世紀後半から,明治維新を挟んで,第一次世界大戦の頃までの日本社会を,さまざまな社会集団が市場とどうかかわっているかに注目して描き出す。メディアや政治のしくみ,変革を求める運動も取り上げ,社会の全体像をとらえる。', 3, 7, 2586),
('生きづらい明治社会――不安と競争の時代 ', '松澤裕作', '', '岩波書店', '2006-5-12', '日本が近代化に向けて大きな一歩を踏み出した明治時代は、実はとても厳しい社会でした。社会が大きく変化する中、人々は必死に働き、頑張りました。厳しい競争のなかで結果を出せず敗れた人々…、そんな人々にとって明治とはどんな社会だったのでしょうか？　不安と競争をキーワードに明治社会を読み解きます。', 3, 7, 3285),
('町村合併から生まれた日本近代　明治の経験', '松澤裕作', '', '吉川弘文館', '2021-5-13', '明治七年の町村七万八〇〇〇、明治二二年の町村一万六〇〇〇弱。明治の大合併、それは新たな境界線を社会に引く試みだった。あいつぐ町村からの異議申し立て、合併後も紛争を抱える自治体……。近世の地縁的・身分的共同体というモザイク状の世界から、近代の大字-市町村-府県-国家という同心円状の世界へ。府藩県三治制、大区小区制、そして明治二二年の大合併にいたる「地方制度」の変遷をたどりながら、近代社会を問い直す。', 3, 7, 555),
('天皇制国家形成の史的構造: 地租改正・地価修正の政治過程', '黒田展之', '', '法律文化社', '2005-11-3', '近代天皇制の国家形成期における歴史的構造を、地租改正および地価修正の歴史的過程の分析を通じて、明らかにする。', 3, 7, 8241),
('都市空間の明治維新', '松山恵', '', '筑摩書房', '2006-4-12', 'かつて「江戸」と呼ばれた都市は、どのような過程で「東京」となったのか?そして、そのとき、人びととその暮らしぶりにはどのような変化が起こったのか?京都からの遷都、煉瓦街計画、武家地の転用、貧富分離策の展開、新開町の誕生など都市空間の変容をつぶさに考察し、また元幕臣や町人、さらには維新変革を機に歴史の表舞台にあらわれた「謎の新地主」など、そこに生きた人びとの痕跡をたどる。150年前、その都市では何が起こっていたのか? 史料と地図類を丹念にたぐり、首都への大転換に迫る。', 3, 7, 1583),
('世界史の中の日露戦争', '山田朗', '', '新日本出版', '1992-5-12', '1991年の湾岸戦争では、戦禍が衛星放送によって中継されるリアルな空爆の映像に、遠い異国で起きている戦争の恐怖を身近に感じた。その一方で、自分が戦争ではなく、TVゲームでも見ているような感覚に陥っていることに気づき、自身の麻痺した感覚に、より恐怖したのを鮮明に覚えている。100余年前、極東で起こった日露戦争は、当時の人びとの目にどのように写ったのだろうか。', 3, 7, 128),
('近代中国の政治文化', '野村浩一', '', '連帯社', '2015-12-3', '最後の中華帝国を打倒したとき，中国革命は旧体制をどのように捉え，西方世界の衝撃と日本の侵略を受けていかなる課題を背負い，いかにして共和体制を創出しようとしたのか．辛亥革命から中華人民共和国成立に至る政治過程のなかで生れた様々な統治構想の分析を通して，近代中国独特の政治文化の輪郭を描く．', 3, 8, 1241),
('思想空間としての現代中国', '汪渾', '', '筑摩書房', '2009-11-6', '天安門事件は何を問い何を残したのか．現代中国を代表する気鋭の思想家は，グローバル化のなかの中国におけるモダニティのありようを探り，新自由主義的風潮と市場経済化政策の共犯関係をえぐり，西洋対アジア，伝統対近代の二項対立の罠に潜む近代化イデオロギーの呪縛を解く．中国の近代から現代を貫く歴史社会学的省察．', 3, 7, 1843),
('周作人「対日協力」の顛末', '木山英雄', '', '岩波書店', '2001-4-3', '日本の占領統治下の北京で、協力政権の閣僚職にまで就いた第一級の文人・周作人。「漢奸」というイメージの陰に潜む真の姿に迫る。', 3, 8, 1948),
('アジアを語ることのジレンマ', '孫歌', '', '連帯社', '2000-4-23', '教科書問題、南京虐殺問題など、歴史認識をめぐって何が衝突してきたのか? 政治化された言説空間の束縛の一方で、日中間の歴史問題の磁場に身を置き、知的対話によって開けてきたアジアという思考空間を示す。「民族感情とは砒素のようなもの。多すぎれば死に至り、適量ならば病を治す」。民族感情が民族主義に取り込まれないための、思想のレッスン。', 3, 8, 2845),
('わが半生', '溥儀', '', '日本国民文化社', '1954-8-10', '清朝最後の皇帝、のち「満州国」皇帝、日本の敗戦により戦犯−−皇帝から一市民への生涯を驚くべき正確さと迫力で描く第一級の自叙伝。昭和史暗部の貴重な記録。', 3, 8, 483),
('中世の秋', 'ホイジンガ', '', '中央公論社', '2004-3-14', '二十世紀を代表する歴史家ホイジンガが、フランスとネーデルラントにおける十四、五世紀の人々の実証的調査から、中世から近代にかけての思考と感受性の構造を、絶望と歓喜、残虐と敬虔の対極的な激情としてとらえ、歴史の感動に身をおく楽しみを教える。中世人の意識と中世文化の全像を精細に描きあげた不朽の名著。', 9, 3, 15),
('あひゞき', '二葉亭四迷', '', '岩波書店', '2016-4-13', '「猟人日記」中の一篇をとり，恋する男女の微妙な心の動きを自然の移り変りにからませて描いた「あひゞき」をはじめ，「片恋」「奇遇」「夢かたり」などツルゲーネフの翻訳4篇を収める．原作の妙味を新鮮な文体に移し，日本の近代文学に大影響を与えた．鷗外訳の「即興詩人」と並んで明治の二大訳業とたたえられる', 10, 28, 156),
('浮雲', '二葉亭四迷', '', '筑摩書房', '2005-3-12', '言文一致……。ここから、この国の近代文学は始まった。旧思想と新思想のせめぎ合いの中で、悩める日本人を描いた不朽の古典的名作。江戸文学のなごりから離れてようやく新文学創造の機運が高まりはじめた明治二十年に発表されたこの四迷の処女作は、新鮮な言文一致の文章によって当時の人々を驚嘆させた。秀才ではあるが世故にうとい青年官吏内海文三の内面の苦悩を精密に描写して、わが国の知識階級をはじめて人間として造形した『浮雲』は、当時の文壇をはるかに越え、日本近代小説の先駆とされる作品である。用語、時代背景などについての詳細な注解を付す。', 10, 28, 154),
('即興詩人', '森鷗外', '', 'たま出版', '2013-5-15', 'アンデルセンが憧れの国イタリアを舞台にくりひろげた愛の物語『即興詩人』は、鴎外の格調高い文章によって紹介されて以来、広く人々の心を捉えつづけてきた。翻訳文学の傑作であり、明治文学史上記念すべき作品である。荘重華麗な訳文を音読によって味わえるよう難読語には徹底して振り仮名をほどこした。 ', 10, 28, 147),
('多情多恨', '尾崎紅葉', '', '岩波書店', '2016-6-5', '人付き合いの少ない鷲見柳之助にとって、妻は命でもあった。その妻を亡くすと、彼は最初ひどく嫌いであった友人の妻が夫の世話を焼く姿に惹かれるようになる。誠実朴訥な男が情をかけてくれる人物に傾いてゆく過程を描いた、紅葉の代表作。', 10, 28, 1458),
('にごりえ', '樋口一葉', '', '春陽堂書店', '2018-3-2', '落ちぶれた愛人の源七とも自由に逢えず、自暴自棄の日を送る銘酒屋のお力を通して、社会の底辺で悶える女を描いた『にごりえ』。今を盛りの遊女を姉に持つ14歳の美登利と、ゆくゆくは僧侶になる定めの信如との思春期の淡く密かな恋を描いた『たけくらべ』。他に『十三夜』『大つごもり』等、明治文壇を彩る天才女流作家一葉の、人生への哀歓と美しい夢を織り込んだ短編全8編を収録する。用語、時代背景などについての詳細な注解および年譜を付す。', 10, 28, 332),
('最暗黒の東京', '松原岩五郎', '', '音楽の友社', '2018-3-14', '明治中期の東京下層民の生活実態を克明に記録したルポルタージュ．二葉亭四迷の影響で下層社会の探訪を始めた著者（一八六六‐一九三五）が，貧民街に潜入，職業を転々としながら，木賃宿の実情や日雇人夫・見世物師・車夫等の暮らしぶりを描き出したもので，横山源之助『日本の下層社会』とならぶ明治記録文学の傑作．', 10, 28, 342),
('破戒', '島崎藤村', '', '河出書房', '2016-6-17', '明治から昭和初期にかけて活躍した文学者、島崎藤村の長編小説。被差別部落出身の青年教師・瀬川丑松は、出身を隠せと父から堅く戒められていたが、苦悩の末、ついにその戒めを破る。創作の場を詩から小説へと転じ、日本における自然主義文学運動への道を開いた作品。漱石は「破戒」を「明治の小説としては後世に伝ふべき名篇也」（森田草平宛て書簡）と評価している。', 10, 28, 1594),
('武蔵野', '国木田独歩', '', '三和書房', '2015-3-12', '浪漫主義と抒情に出発した初期の名作18編を収録した独歩の第一短編集。詩情に満ちた自然観察で武蔵野の林間の美をあまねく知らしめた不朽の名作「武蔵野」、自然を背景にした平凡な人間の平凡な生活のうちに広大な一種の無限性を感じさせる「忘れえぬ人々」。ほかに「源叔父」「河霧」「鹿狩」など、簡勁で彫りのふかい文体と、内容にふさわしい構成の秀抜さを示す作品を収める。詳細な注解・年譜を付す。', 10, 28, 346),
('蒲団', '田山花袋', '', '中央公論社', '2013-5-12', '日本の自然主義文学運動の先駆けとなった作家、田山花袋を代表する小説。初出は「新小説」［1907（明治40）年］。客観描写を利用して、教え子に抱いていた竹中時雄の赤裸々な内面感情が告白される。蒲団に残った女の残り香をかぐ最後の場面は余りにも有名。藤村の「破戒」と共にその後の日本近代文学の方向を決定づけた記念碑的作品。', 10, 28, 4934),
('放浪', '岩野泡鳴', '', '新出版', '1983-5-12', '岩野泡鳴自身をモデルにした主人公・田村義雄は、或る夏脚本を書くため国府津に出掛ける。そこで土地の男と芸者吉弥を張り合うことになるが……出世作「耽溺」のほか、樺太に渡り蟹の缶詰事業を試み失敗し北海道を放浪する経緯を描いた自伝的小説、自然主義文学中特異といわれた〈泡鳴五部作〉のうちの1篇「毒薬を飲む女」を収める。作家的地位を確立した代表作2篇。', 10, 28, 5384),
('吾輩は猫である', '夏目漱石', '', '新潮社', '1994-3-12', '明治期の文学者、夏目漱石の最初の長編小説。初出は「ホトトギス」［1905（明治38）年〜1906（明治39）年］。1905年10月上篇が刊行されると20日間で売り切れたという。中学教師の珍野苦沙弥の家に飼われる、名前のない猫「吾輩」の目で、珍野一家とその周囲に集まる人々や「太平の逸民」の人間模様を鋭く風刺し、笑いとばす。落語のような語り口に乗せたユーモアは多くの読者を集め、夏目漱石の小説家としての地位を確立する記念碑的な作品となった。', 10, 28, 4549),
('春昼後刻', '泉鏡花', '', '和泉書院', '2013-4-12', '明治後期から昭和初期に活躍した小説家、泉鏡花の短編小説。初出は「新小説」［1906（明治39）年］。静養のために逗子に一室を借りて暮らす散策子は、ほかほかと春の陽が射す野路をゆく。鍬を長閑に使う農夫の会話が繰り広げられ、春昼の風物を背景に話が進められていく。散策中に出会った和尚に「一年前寺に逗留していた客が”玉脇みを”なる人妻に焦がれ死にをした」との話を聞く。快奇な物語。', 10, 28, 6940),
('あらくれ', '徳田秋声', '', 'PHP出版', '2015-4-13', '自然主義文学の担い手の一人として明治初期から昭和初期まで活躍した作家、徳田秋声の長編小説。初出は1915（大正4）年。年頃の娘であるお島は、親が勝手に取り決め嫌がっていた結婚の日に家を飛び出して、険しい道無き道へと走り出していく。いつまでも不幸なお島の姿を通して、人間関係に恵まれない環境、仕事、結婚など、社会の問題を描いていく。自然主義文学の古典。', 10, 28, 1593),
('或る女', '有島武郎', '', '新潮社', '2016-3-15', '美貌で才気溢れる早月(さつき)葉子は、従軍記者として名をはせた詩人・木部と恋愛結婚するが、2カ月で離婚。その後、婚約者・木村の待つアメリカへと渡る船中で、事務長・倉地のたくましい魅力の虜となり、そのまま帰国してしまう。個性を抑圧する社会道徳に反抗し、不羈(ふき)奔放に生き通そうとして、むなしく敗れた一人の女性の激情と運命を描きつくした、リアリズム文学の最高傑作。', 10, 28, 1953),
('暗夜行路', '志賀直哉', '', '集英社', '1996-3-12', '祖父と母との過失の結果、この世に生を享けた謙作は、母の死後、突然目の前にあらわれた祖父に引きとられて成長する。鬱々とした心をもてあまして日を過す謙作は、京都の娘直子を恋し、やがて結婚するが、直子は謙作の留守中にいとこと過ちを犯す。苛酷な運命に直面し、時には自暴自棄に押し流されそうになりながらも、強い意志力で幸福をとらえようとする謙作の姿を描く。用語、時代背景などについての詳細な注解を付す。', 10, 28, 7895),
('真理先生', '武者小路実篤', '', '文藝春秋', '2023-6-12', '今日の小説には暗い世相を描き、人生を否定的にみた作品が多い。時代の実相はその通りかもしれないが、人生の美しさ、人間の善意を大胆に表明した作品があっていいはずで、本書はそういう作品の典型である。登場人物はすべて善人だが、善人とは単なるお人好しではなく、自分の理想や信念に忠実な努力家であり、こうした人物の異様な魅力を描き、人生肯定家としての作者の頂点をなす作品。', 10, 28, 48050),
('歯車', '芥川龍之介', '', '小学館', '1989-2-14', 'ここに収めた三篇は，いずれも作者最晩年の代表作．『玄鶴山房』の暗澹たる世界は，作者の見た人生というものの，最も偽りのない姿であり，『歯車』には自ら死を決意した人の，死を待つ日々の心情が端的に反映されている．『或阿呆の一生』は，芥川という一人の人間が，自らの一生に下した総決算といってよい。', 10, 28, 3793),
('冥途・旅順入城式', '内田百閒', '', '前衛出版', '1996-2-14', 'いまかいまかと怯えながら，来るべきものがいつまでも出現しないために，気配のみが極度に濃密に尖鋭化してゆく――このような生の不安と無気味な幻想におおわれた夢幻の世界を稀有の名文で紡ぎだした二つの短篇集を収める．漱石の「夢十夜」にも似た味わいをもつ百間（一八八九―一九七一）文学の粋。', 10, 28, 6875),
('黒髪', '近松秋江', '', '講談社', '1995-3-12', '京都の遊女に惹かれて尽し、年季明けには一緒になろうとの夢が、手酷く裏切られる顛末を冷静に書いた「黒髪」。家を出てしまった妻への恋情を連綿と綴る書簡体小説の「別れたる妻に送る手紙」と、日光までも妻の足跡を追い捜し回るその続篇「疑惑」。 明治9年、岡山に生まれ、男の情痴の世界を大胆に描いて、晩年は両眼ともに失明、昭和19年没した破滅型私小説作家の“栄光と哀しみ”。', 10, 28, 8943),
('痴人の愛', '谷崎潤一郎', '', '角川書店', '2012-3-12', '「つまりナオミは天地の間に充満して、私を取り巻き、私を苦しめ、私の呻きを聞きながら、それを笑って眺めている悪霊のようなものでした」 独り者の会社員、譲治は日本人離れした美少女ナオミに惚れ込み、立派な女に仕立てやりたいと同居を申し出る。我儘を許され性的に奔放な娘へ変貌するナオミに失望しながら、その魔性に溺れて人生を捧げる譲治の、狂おしい愛の記録。谷崎の耽美主義が発揮された代表作。', 10, 28, 4853),
('子をつれて', '葛西善蔵', '', '講談社', '1948-3-12', '「生活の破産、人間の破産、そこから僕の芸術生活が始まる」と記した葛西善蔵は、大正末期から昭和初年へかけての純文学の象徴であった。文学の為にはすべてを犠牲にする特異無類の生活態度で、哀愁と飄逸を漂わせた凄絶苛烈な作品を描いた。処女作「哀しき父」、出世作「子をつれて」、絶筆「忌明」のほか「馬糞石」「蠢く者」「湖畔手記」など代表作１５篇。', 10, 28, 3849),
('蔵の中', '宇野浩二', '', '学芸社', '1954-7-13', '芸妓村上八重と著者との30年にも及ぶ恋愛を題材に小説家牧と芸者三重次とが互いの人生の浮き沈みを越えて真摯な心を通わせ合った長い歳月の愛を独得の語りくちで描いた戦後の代表作・読売文学賞受賞「思い川」、なじみの質屋の蔵の中で質種の着物の虫干しをしながら着物に纏わる女たちの思い出に耽る男の話・出世作「蔵の中」、他に「枯木のある風景」の3篇を収録。', 10, 28, 4932),
('機械', '横光利一', '', '中央公論社', '1948-10-9', 'ネームプレート工場の4人の男の心理が、歯車のように絡みあいつつ、一つの詩的宇宙を形成する名作『機械』、著者の文壇進出を飾った新感覚派のめざましい成果を物語る『春は馬車に乗って』『ナポレオンと田虫』、ブタペストを舞台にした『罌粟(けし)の中』ほか、『御身』『時間』『比叡』『厨房日記』『睡蓮』『微笑』。独創的な形容詞句、縦横に観念の飛躍する文体で、意識の流れをたどってゆく短編10編。', 10, 28, 593),
('眠れる美女', '川端康成', '', 'かもがわ出版', '2001-2-4', '波の音高い海辺の宿は、すでに男ではなくなった老人たちのための逸楽の館だった。真紅のビロードのカーテンをめぐらせた一室に、前後不覚に眠らされた裸形の若い女――その傍らで一夜を過す老人の眼は、みずみずしい娘の肉体を透して、訪れつつある死の相を凝視していた。「熟れすぎた果実の腐臭に似た芳香を放つデカダンス文学の逸品」と三島由紀夫が評した名作「眠れる美女」のほか、「片腕」「散りぬるを」を収録。「眠れる美女」は1962年度の「毎日出版文化賞」を受賞している。', 10, 28, 11259),
('第七官界彷徨', '尾崎翠', '', '角川書店', '1947-3-16', '「人間の第七官にひびくような詩」を書きたいと願っている赤いちぢれ毛の娘と、精神科医の長兄、肥料を研究している学生の次兄、音楽受験生の従兄弟の四人が、一つ屋根の下で暮らす生活。苔が恋愛をしたり、部屋にはこやしを調合して煮る臭いが漂ってきたり、名付けようのない感覚の世界――。時代を超えて常に新しい尾崎翠の代表作', 10, 28, 689),
('色ざんげ', '宇野千代', '', '朝倉書店', '2004-5-16', '欧州から帰朝した洋画家湯浅譲二は、毎日手紙を寄越す不思議な女に翻弄されるうちに、女は失踪。女の友人つゆ子と捜索の旅に出た彼はつゆ子に魅かれるが、さらに湯浅の絵のファンだという女学生が現れ……。深く誰か一人を愛するわけではない男と、男の愛を摑んだようで常に不安な女の姿を情感豊かに描く。', 10, 28, 9433),
('花は勁し', '岡本かの子', '', '岩波書店', '2008-3-19', '明治から昭和にかけて活躍した小説家、歌人である岡本かの子の小説。「文藝春秋」［1937（昭和12）年］に掲載された。のちに「岡本かの子全集　第三巻」［冬樹社、1974（昭和49）年］に収録。新興活花家の三保谷桂子は、かつて絵を習っていたときの同門で遠い親戚の息子でもある不遇で病弱な画家の小布施を、経済的に支えている。小布施の生命力は撒き散らされていくものであるが、桂子は流れてくるものを流し込んで太らせてゆく。', 10, 28, 1559),
('D坂の殺人事件', '江戸川乱歩', '', '新潮社', '1947-3-18', '推理小説のパイオニア、江戸川乱歩による少年向け作品の名作『D坂の殺人事件』。喫茶店で知り合いになった明智小五郎と二人でコーヒーを飲んでいた「私」。まさにその時、向かいの本屋で起きた殺人事件。明智と私はその事件の第一発見者となるのだった。', 10, 28, 493),
('ドグラ・マグラ', '夢野久作', '', '一橋出版', '2019-8-15', '昭和十年一月、書き下ろし自費出版。狂人の書いた推理小説という異常な状況設定の中に著者の思想、知識を集大成し、”日本一幻魔怪奇の本格探偵小説”とうたわれた、歴史的一大奇書。', 10, 28, 348),
('女坂', '円地文子', '', '新潮社', '1975-3-19', '明治初期、世に時めく地方官吏・白川行友の妻・倫(とも)は、良人(おっと)に妾を探すために上京した。妻妾を同居させ、小間使や長男の嫁にまで手を出す行友に、ひとことも文句を言わずじっと耐える倫。彼女はさらに息子や孫の不行跡の後始末に駈けまわらねばならなかった。すべてを犠牲にして“家"という倫理に殉じ、真実の“愛"を知ることのなかった女の一生の悲劇と怨念を描く長編。野間文芸賞受賞作。詳細な注解を付す。', 10, 28, 6483),
('白痴', '坂口安吾', '', 'マイナビ出版', '2014-3-1', '白痴の女と火炎の中をのがれ、「生きるための、明日の希望がないから」女を捨てていくはりあいもなく、ただ今朝も太陽の光がそそぐだろうかと考える。戦後の混乱と頽廃の世相にさまよう人々の心に強く訴えかけた表題作など、自嘲的なアウトローの生活をくりひろげながら、「堕落論」の主張を作品化し、観念的私小説を創造してデカダン派と称される著者の代表作7編を収める。', 10, 28, 4839),
('俘虜記', '大岡昇平', '', '出版社', '1900-4-23', '一等兵として太平洋戦争に従軍した著者の体験に基づく連作小説。フィリピン・ミンドロ島への米軍上陸から復員までの約一年間を描く。なぜ自分は米兵を殺さなかったかという感情を異常なほどに平静かつ精密に分析した「捉まるまで」と、俘虜収容所を戦後日本の縮図と見た文明批評の続編からなる。孤独という真空状態での人間のエゴティスムを明晰な文体で凝視し、戦争小説とは一線を画する。', 10, 28, 1848),
('富士', '武田泰淳', '', '中央公論社', '2016-5-12', '悠揚たる富士に見おろされる精神病院。時に入り交じり、時に入れ替わる人間の「狂気」と「正常」の謎に挑み、深い人間哲学をくりひろげる武田文学の最高傑作。', 10, 28, 1394),
('楢山節考', '深沢七郎', '', '小学館', '1964-1-15', '「お姥(んば)捨てるか裏山へ裏じゃ蟹でも這って来る」雪の楢山へ欣然と死に赴く老母おりんを、孝行息子辰平は胸のはりさける思いで背板に乗せて捨てにゆく。残酷であってもそれは貧しい部落の掟なのだ――因習に閉ざされた棄老伝説を、近代的な小説にまで昇華させた「楢山節考」。ほかに「月のアペニン山」「東京のプリンスたち」「白鳥の死」の3編を収める。', 10, 28, 786),
('海辺の光景', '安岡章太郎', '', '光文社', '1973-8-11', '不思議なほど父を嫌っていた母は、死の床で「おとうさん」とかすれかかる声で云った──。精神を病み、海辺の病院に一年前から入院している母を、信太郎は父と見舞う。医者や看護人の対応にとまどいながら、息詰まる病室で九日間を過ごす。戦後の窮乏生活における思い出と母の死を、虚無的な心象風景に重ね合わせ、戦後最高の文学的達成といわれる表題作ほか全七編の小説集。', 10, 28, 3853),
('抱擁家族', '小島信夫', '', '光人社', '1945-10-8', '妻の情事をきっかけに、家庭の崩壊は始まった。たて直しを計る健気な夫は、なす術もなく悲喜劇を繰り返し、次第に自己を喪失する。不気味に音もなく解けて行く家庭の絆。現実に潜む危うさの暗示。時代を超え現代に迫る問題作、「抱擁家族」とは何か。', 10, 28, 669),
('万延元年のフットボール', '大江健三郎', '', '新潮社', '1958-2-14', '友人の死に導かれ夜明けの穴にうずくまる僕。地獄を所有し、安保闘争で傷ついた鷹四。障害児を出産した菜採子。苦渋に満ちた登場人物たちが、四国の谷間の村をさして軽快に出発した。万延元年の村の一揆をなぞるように、神話の森に暴動が起る。幕末から現代につなぐ民衆の心をみごとに形象化し、戦後世代の切実な体験と希求を結実させた画期的長篇。', 10, 28, 5834),
('壁', '安部公房', '', '講談社', '1979-8-18', 'ある朝、突然自分の名前を喪失してしまった男。以来彼は慣習に塗り固められた現実での存在権を失った。自らの帰属すべき場所を持たぬ彼の眼には、現実が奇怪な不条理の塊とうつる。他人との接触に支障を来たし、マネキン人形やラクダに奇妙な愛情を抱く。そして……。独特の寓意とユーモアで、孤独な人間の実存的体験を描き、その底に価値逆転の方向を探った芥川賞受賞の野心作。', 10, 28, 4658),
('空気頭', '藤枝静男', '', '講談社', '1985-2-15', 'あくまで私小説に徹し、自己の真実を徹底して表現し、事実の奥底にある非現実の世界にまで探索を深め、人間の内面・外界の全域を含み込む、新境地を拓いた、“私”の求道者・藤枝静男の「私小説」を超えた独自世界。芸術選奨『空気頭』、谷崎賞『田紳有楽』両受賞作を収録。', 10, 28, 976),
('神聖喜劇', '大西巨人', '', '講談社', '1998-10-2', '東堂は、入隊前に過ごした料亭「安芸」の“彼女”との一夜の情交を思いだす。それは人生を諦めきった女と、戦争での犬死にを覚悟した東堂との、互いに斬り込むがごとき言葉と性の応酬だった。', 10, 28, 1594),
('エロ事師たち', '野坂昭如', '', '歴史群像社', '1982-1-9', 'お上の目をかいくぐり、世の男どもにあらゆる享楽の手管を提供する、これすなわち「エロ事師」の生業なり――享楽と猥雑の真っ只中で、したたかに棲息する主人公・スブやん。他人を勃たせるのはお手のものだが、彼を取り巻く男たちの性は、どこかいびつで滑稽で苛烈で、そして切ない……正常なる男女の美しきまぐわいやオーガズムなんぞどこ吹く風、ニッポン文学に永遠に屹立する傑作。', 10, 28, 4987),
('警視庁草紙', '山田風太郎', '', 'みすず書房', '1988-5-18', '初代警視総監川路利良を先頭に近代化を進める警視庁と、元江戸南町奉行たちとの知恵と力を駆使した対決。綺羅星のごとき明治の俊傑らが銀座の煉瓦街を駆けめぐる。風太郎明治小説の代表作。', 10, 28, 6857),
('杳子', '車谷長吉', '', '白水社', '1995-8-8', '現代の青春を浮彫りにする芥川賞受賞作「杳子」。都会に住まう若い夫婦の日常の周辺にひろがる深淵を巧緻な筆に描く「妻隠」。卓抜な感性と濃密な筆致で生の深い感覚に分け入り、現代文学の新地平を切り拓いた著者の代表作二編を収録する。', 10, 28, 3849),
('挟み撃ち', '後藤明生', '', '講談社', '1996-7-19', '20年前に北九州から上京した時に着ていた旧陸軍の外套の行方を求めて、昔の下宿先を訪ねる1日の間に、主人公の心中には、生まれ育った朝鮮北部で迎えた敗戦、九州の親の郷里への帰還、学生時代の下宿生活などが、脱線をくり返しながら次々に展開する。他者との関係の中に自己存在の根拠を見出そうとする思考の運動を、独特の饒舌体で綴った傑作長篇。', 10, 28, 149),
('十九歳の地図', '中上健次', '', '人文書院', '1993-2-18', '「俺は何者でもない、何者かになろうとしているのだ」――東京で生活する少年の拠り所なき鬱屈を瑞々しい筆致で捉えたデビュー作。', 10, 28, 5483),
('岸辺のない海', '金井美恵子', '', '洋泉社', '1962-11-19', '孤独と絶望の中で、〈彼〉=〈ぼく〉は書き続け、語り続ける。十九歳で鮮烈なデビューをはたし問題作を発表し続ける、著者の原点とも言うべき初長篇小説を完全復原。併せて「岸辺のない海・補遺」も収録。', 10, 28, 5940),
('国旗が垂れる', '尾辻克彦', '', '中央公論社', '2001-3-12', '団地から戸建てに転居した男が大晦日に玄関に掲げる国旗を買いにまわる表題短編ほか。', 10, 28, 6098),
('脱走と追跡のサンバ', '筒井康隆', '', '沖積舎', '1985-10-8', 'どんなことがあっても脱走してやる。このいやらしい世界から逃げ出してやる。こんなところに閉じこめられてたまるものか。汚物の墓場の下水管を通り抜けもとの世界からこっちの世界へ入り込んでしまったおれは……。情報による呪縛、時間による束縛、空間による圧迫にあえぐ現代をパロディ化し、境界のゆらぎはじめた現実と虚構の「世界」を疾走する傑作ＳＦ長編。', 10, 28, 1849),
('限りなく透明に近いブルー', '村上龍', '', '現代思潮社', '2013-5-11', '1976年、24歳にして芥川賞、群像新人賞を受賞した村上龍のデビュー作『限りなく透明に近いブルー』。基地の街、福生（ふっさ）で暮らす若い男女の荒廃した日々を描いた本作品は、その衝撃的な内容と斬新な表現方法で、当時の文芸界に大きな衝撃を与えた。発売から40年以上経った今でも色褪せることなく、幅広い世代に支持を得ている、村上龍の代表作。', 10, 28, 4392),
('さようなら、ギャングたち', '高橋源一郎', '', '白水社', '1935-10-12', '詩人の「わたし」と恋人の「S・B(ソング・ブック)」と猫の「ヘンリー4世」が営む超現実的な愛の生活を独創的な文体で描く。発表時、吉本隆明が「現在までのところポップ文学の最高の作品だと思う。村上春樹があり糸井重里があり、村上龍があり、それ以前には筒井康隆があり栗本薫がありというような優れた達成が無意識に踏まえられてはじめて出てきたものだ」と絶賛した高橋源一郎のデビュー作。', 10, 28, 1444),
('史記', '司馬遷', '', '集英社', '1998-10-9', '中国の古典中の古典ともいうべき『史記』の全訳。「本紀」は、黄帝から秦の始皇帝の全土統一を経て、漢の武帝時代にいたる、歴史における帝王の系譜。中国史進展の大筋を「五帝」「夏」「殷」など十二巻で述べる。', 10, 29, 868),
('資治通鑑', '司馬光', '', '講談社', '2004-5-5', '全二九四巻にもおよぶ膨大な歴史書『資治通鑑』のなかから、侯景の乱、安禄山の乱など名シーンを精選。破滅と欲望の交錯するドラマを流麗な訳文で。', 10, 29, 435),
('唐詩選', '陳哲郎', '', 'PHP出版', '2014-6-4', '中国で最も愛されている唐詩の入門書をもとに編んだ、新しい現代版『唐詩選』。兵士の感慨を歌う王翰の「涼州詞」、孤独を歌う李白の「月下の独酌」、旅情を歌う張継の「楓橋夜泊」――。表現方法が飛躍的に発展した唐代の詩の中から、歴史的な知識がなくても感動できる詩、51首を精選して収録。朗読するだけで風景が浮かんでくる名詩を味わい、時代ごとに変化する詩風と、多彩な詩の世界を楽しむ。朗読に最適な総ルビ付き。', 10, 29, 584),
('大唐西域記', '玄奘', '', '講談社', '2006-10-3', '三蔵法師のモデルとされる玄奘。若き玄奘が天竺めざしてシルクロードをかけ回る、ファンタジック西域記。', 10, 29, 1555),
('三国志演義', '羅貫中', '', '徳間書店', '2016-5-14', '西暦220年、後漢王朝の崩壊後、群雄割拠の時代の中から魏、蜀、呉の三つ巴の戦いへと発展した。その約1000年後。複数の「三国志」の物語や資料を整理・編纂し、フィクショナルな物語世界を構築してたのが、本書『三国志演義』である。', 10, 29, 453),
('水滸伝', '施耐庵', '', '翰林書院', '2010-5-14', '明代中国で作られた『水滸伝』は「四大奇書」の筆頭とされ、江戸時代以降の日本文学にも多大な影響を与えた。108人の好漢が暴れまくり、腐敗した権力を打倒していく物語は、時代を超えて愛され続けている。全ての回のあらすじを収録し、原文の喋り言葉を活かした現代語訳と行き届いた解説によって、長大な物語の面白さと奥深さを一挙に愉しめる。魅力ある登場人物たちはどこから来たのか、物語の背景に迫るコラムも充実。', 10, 29, 682),
('西遊記', '呉承恩', '', '岩波書店', '2007-6-14', '東勝神洲傲来国は花果山にて石の卵から生れたサル，やがて仙術を身につけ故郷で王様になるも飽き足らず，招かれ出向いた天界では札付きの問題児．不老長生の蟠桃を盗み食い，玉帝の宴席を荒らして大暴れ，とうとう如来さまの手で山に封じられる．おなじみ孫悟空が新たな力を得ての活躍ぶり，まずはその誕生の様子から．', 10, 29, 854),
('金瓶梅', '笑笑生', '', '岩波書店', '2015-2-14', '世界の四大奇書の一つと言われるのがこの本『金瓶梅』だ。その書名はほとんどの人が知っているはずだが、さてその全訳となると目にした人は少ないはず。なぜなら本書本以外、全訳がないからだ。この本では露骨な性交の描写も訳されている。物語の舞台は十二世紀の山東・清河県。主人公の西門慶は正妻のほか五人の夫人がいる、そのうえに女中や乳母、使用人の女房たちとも関係をしているし、遊郭にも通う。色と欲とが絡み合った人間臭いドラマが流れている。', 10, 29, 485),
('平妖伝', '羅貫中', '', '徳間書店', '2017-8-19', '中国は宋の時代、妖術をつかう狐の親子が則天武后の霊の命により加勢を集めて反乱を起こす。「三国志演義」「水滸伝」の作者と知られる著者による、時代を超えて親しまれた大人のメルヘン。', 10, 29, 668),
('今古奇観', '抱甕老人', '', '東洋文庫', '2009-3-12', '一世の名妓が油売りの真情に感動して夫婦となる話，女装の美少年にまつわる結婚喜劇……。中国明代の世相・人情を，批判をこめつつ生き生きと伝える全40話の新訳。第１巻は，第８話まで。巻末に千田による解説を付す。', 10, 29, 1008),
('聊斎志異', '蒲松齢', '', '光人社', '2012-3-19', '中国清代の作家蒲松齢が、科挙に落第しつづける中、古来の民間伝承などをもとに豊かな空想力と古典の教養を駆使し、仙女、女妖、幽霊や精霊、昆虫といった異能のものたちと人間との不思議な交わりを描いた怪異譚。目の中に住みついた小人同士の会話、愚鈍なイケメンのドッペルゲンガー、金持ち狐の復讐、菊好きな男に惚れた菊の精、仙術修行は壁抜けの術、酒好き幽霊の恩返し、美女幽霊二人の誘惑に負けなかった男など43篇を収録。', 10, 29, 2018),
('儒林外史', '呉敬梓', '', '河出書房', '2013-5-11', '清の代表的長編小説の一つ。18世紀前半、呉敬梓の作。清代の科挙と官僚を風刺的に描く。', 10, 29, 684),
('紅楼夢', '曹雪芹', '', 'WAC出版', '2022-5-13', '天上の夢幻境から下界へ降り，輝く美玉を口にふくんだ姿で，栄華を極める大家の御曹司に生まれ変わった賈宝玉（かほうぎょく）と，彼を追ってきた林黛玉をはじめとする，いずれ劣らぬ美少女たち．前世の因縁による運命の翳りをかすかに予感させつつ，賈家のおばあさまの絶対的な庇護の元に彼らは出逢い，壮麗なドラマがここに幕を開ける．', 10, 29, 1594),
('児女英雄伝', '文康', '', '東映出版', '2023-6-20', '中国の白話長編小説。清の文康の作。1878年北京の聚珍堂刊。全40回。何玉鳳という娘が十三妹(シーサンメイ)と名を変えて，父の仇討(あだうち)をするという物語。', 10, 29, 558),
('三侠五義', '石玉崑', '', '岩波書店', '2015-6-18', '大宋帝国の四代皇帝、仁宗の御代、「猫と太子のすり替え」事件を始め、冴えた推理が小気味よく悪を懲らしめる裁判小説と十数名の個性あふれる義侠たちが縦横無尽に活躍する武侠小説。興奮の1冊。', 10, 29, 885),
('官場現形記', '李宝嘉', '', '中央公論社', '2003-5-2', '義和団事変以後盛んになってきた，政治の裏面をあばき悪弊をえぐりだして時の政治に抗議する暴露小説。魯迅のいう譴責小説の開祖であり，代表作でもある。', 10, 29, 4872);
-- 資料テーブルにデータを挿入
INSERT INTO items(item_title_id, status, arrival_date, memo)
VALUES
(1, 1, '1997-02-25', ''),
(1, 0, '1997-02-25', ''),
(2, 0, '2009-07-11', ''),
(3, 0, '2006-03-01', ''),
(3, 0, '2006-03-01', ''),
(4, 0, '2021-01-25', ''),
(5, 0, '2021-01-25', ''),
(6, 0, '2014-06-20', ''),
(7, 0, '1997-02-25', ''),
(8, 0, '2021-01-25', ''),
(9, 1, '2023-11-27', ''),
(10, 0, '2023-11-27', ''),
(11, 0, '2013-02-06', ''),
(11, 0, '2013-02-06', ''),
(12, 0, '2023-02-13', ''),
(12, 0, '2023-02-13', ''),
(13, 0, '2016-02-04', ''),
(14, 1, '2024-04-01', ''),
(14, 0, '2024-04-01', ''),
(15, 0, '2024-05-15', ''),
(16, 1, '2024-04-01', ''),
(17, 0, '1997-02-25', ''),
(18, 0, '2019-02-06', ''),
(19, 0, '1997-02-25', ''),
(20, 0, '2017-11-25', ''),
(21, 0, '2000-11-20', ''),
(22, 0, '1997-02-25', ''),
(23, 0, '2007-02-28', ''),
(24, 0, '2018-02-20', ''),
(25, 0, '2017-02-19', ''),
(26, 0, '1997-02-25', ''),
(27, 0, '2007-07-16', ''),
(28, 0, '1998-03-17', ''),
(29, 0, '2010-04-16', ''),
(30, 0, '2017-02-06', ''),
(31, 0, '1997-07-15', ''),
(32, 0, '2016-09-20', ''),
(33, 0, '2008-04-11', ''),
(34, 0, '1997-02-25', ''),
(35, 0, '2012-08-06', ''),
(36, 0, '2012-09-16', ''),
(37, 0, '2016-12-10', ''),
(38, 0, '2008-05-18', ''),
(39, 0, '2019-08-10', ''),
(40, 0, '1997-02-25', ''),
(41, 0, '1997-02-25', ''),
(42, 0, '2020-04-24', ''),
(43, 0, '1997-02-25', ''),
(44, 0, '2004-07-15', ''),
(45, 0, '2024-02-15', ''),
(46, 0, '2024-02-15', ''),
(47, 0, '2023-12-14', ''),
(48, 0, '2024-05-18', ''),
(49, 0, '2024-02-15', ''),
(50, 0, '2024-05-18', ''),
(51, 0, '2024-03-28', ''),
(52, 0, '2022-12-15', ''),
(53, 0, '2016-01-14', ''),
(54, 0, '2001-10-28', ''),
(55, 0, '2024-04-28', ''),
(56, 0, '2024-05-22', ''),
(57, 0, '2024-05-08', ''),
(58, 0, '2020-04-25', ''),
(59, 0, '2023-03-15', ''),
(60, 0, '2024-02-09', ''),
(61, 0, '2023-02-06', ''),
(62, 0, '2023-02-06', ''),
(63, 0, '2000-04-23', ''),
(64, 0, '2019-04-04', ''),
(65, 0, '2016-04-04', ''),
(66, 0, '2017-05-02', ''),
(67, 0, '2021-05-21', ''),
(68, 0, '2006-03-02', ''),
(69, 0, '2022-12-14', ''),
(70, 0, '2001-06-08', ''),
(71, 0, '2019-12-21', ''),
(72, 0, '2016-04-21', ''),
(73, 0, '2013-03-12', ''),
(74, 0, '1997-02-25', ''),
(75, 0, '1997-02-25', ''),
(76, 0, '2023-02-19', ''),
(77, 0, '1997-02-25', ''),
(78, 0, '2000-02-01', ''),
(79, 0, '2009-11-04', ''),
(80, 0, '2003-05-03', ''),
(81, 0, '2004-09-12', ''),
(82, 0, '1997-02-25', ''),
(83, 0, '1997-02-25', ''),
(84, 0, '2024-06-12', ''),
(85, 0, '2023-03-16', ''),
(86, 0, '2022-10-18', ''),
(87, 0, '2019-04-11', ''),
(88, 0, '2024-06-12', ''),
(89, 0, '2021-06-12', ''),
(90, 0, '2004-05-10', ''),
(91, 0, '2013-06-17', ''),
(92, 0, '2011-04-09', ''),
(93, 0, '2012-07-03', ''),
(94, 0, '2015-11-17', ''),
(95, 0, '2016-03-05', ''),
(96, 0, '2014-12-18', ''),
(97, 0, '2015-11-15', ''),
(98, 0, '2015-03-10', ''),
(99, 0, '2022-05-03', ''),
(100, 0, '2012-03-11', ''),
(101, 0, '2022-11-04', ''),
(102, 0, '2023-05-12', ''),
(103, 0, '2010-05-16', ''),
(104, 0, '2012-06-01', ''),
(105, 0, '2012-06-01', ''),
(106, 0, '2013-06-15', ''),
(107, 0, '2022-10-11', ''),
(108, 0, '2022-09-01', ''),
(109, 0, '2018-05-11', ''),
(110, 0, '2011-04-07', ''),
(111, 0, '2013-05-09', ''),
(112, 0, '2018-02-04', ''),
(113, 0, '2016-05-09', ''),
(114, 0, '2004-07-18', ''),
(115, 0, '2016-02-13', ''),
(116, 0, '2000-02-18', ''),
(117, 0, '2009-05-11', ''),
(118, 0, '1999-04-10', ''),
(119, 0, '1999-12-31', ''),
(120, 0, '2000-04-06', ''),
(121, 0, '2022-10-10', ''),
(122, 0, '2023-01-16', ''),
(123, 0, '2015-03-16', ''),
(124, 0, '2022-12-06', ''),
(125, 0, '2004-03-11', ''),
(126, 0, '2012-07-18', ''),
(127, 0, '2002-11-19', ''),
(128, 0, '2013-03-22', ''),
(129, 0, '2017-10-16', ''),
(130, 0, '2023-06-10', ''),
(131, 0, '2012-09-16', ''),
(132, 0, '2012-05-08', ''),
(133, 0, '2017-08-17', ''),
(134, 0, '2016-05-13', ''),
(135, 0, '2003-09-09', ''),
(136, 0, '2002-08-18', ''),
(137, 0, '2014-02-14', ''),
(138, 0, '2023-03-10', ''),
(139, 0, '2014-08-17', ''),
(140, 0, '2015-11-17', ''),
(141, 0, '2000-02-17', ''),
(142, 0, '2003-09-16', ''),
(143, 0, '2013-05-18', ''),
(144, 0, '2005-09-16', ''),
(145, 0, '2010-09-17', ''),
(146, 0, '2021-02-04', ''),
(147, 0, '2002-09-15', ''),
(148, 0, '2022-09-10', ''),
(149, 0, '2023-07-16', ''),
(150, 0, '2022-08-10', ''),
(151, 0, '2008-05-03', ''),
(152, 0, '2007-07-14', ''),
(153, 0, '2012-05-01', ''),
(154, 0, '2013-09-16', ''),
(155, 0, '2021-09-18', ''),
(156, 0, '2018-10-23', ''),
(157, 0, '2020-05-18', ''),
(158, 0, '2023-09-26', ''),
(159, 0, '2014-09-18', ''),
(160, 0, '2021-05-13', ''),
(161, 0, '2022-03-04', ''),
(162, 0, '2022-09-08', ''),
(163, 0, '2023-02-01', ''),
(164, 0, '2011-05-14', ''),
(165, 0, '2009-03-10', ''),
(166, 0, '2022-05-12', ''),
(167, 0, '2014-05-19', ''),
(168, 0, '2006-03-19', ''),
(169, 0, '2002-03-09', ''),
(170, 0, '2011-05-08', ''),
(171, 0, '2012-12-17', ''),
(172, 0, '2011-03-02', ''),
(173, 0, '2010-04-18', ''),
(174, 0, '2012-03-21', ''),
(175, 0, '2019-08-09', ''),
(176, 0, '2013-11-19', ''),
(177, 0, '2019-07-16', ''),
(178, 0, '2012-05-18', ''),
(179, 0, '2011-10-13', ''),
(180, 0, '2022-11-19', ''),
(181, 0, '2008-03-06', ''),
(182, 0, '2014-05-17', ''),
(183, 0, '2023-10-26', ''),
(184, 0, '2015-05-19', ''),
(185, 0, '2020-04-03', ''),
(186, 0, '2023-03-11', ''),
(187, 0, '2004-06-10', ''),
(188, 0, '2021-03-16', ''),
(189, 0, '2012-02-19', ''),
(190, 0, '2011-03-18', ''),
(191, 0, '2014-02-24', ''),
(192, 0, '2011-03-10', ''),
(193, 0, '2014-08-17', ''),
(194, 0, '2002-03-21', ''),
(195, 0, '2006-05-19', ''),
(196, 0, '2010-04-21', ''),
(197, 0, '2003-02-18', ''),
(198, 0, '2011-05-20', ''),
(199, 0, '2012-10-18', ''),
(200, 0, '2023-10-15', ''),
(201, 0, '2000-05-13', ''),
(202, 0, '2001-02-19', ''),
(203, 0, '2010-03-18', ''),
(204, 0, '2009-05-16', ''),
(205, 0, '2014-06-18', ''),
(206, 0, '2017-06-18', ''),
(207, 0, '2019-05-13', ''),
(208, 0, '2015-04-12', ''),
(209, 0, '2016-05-10', ''),
(210, 0, '2011-10-08', ''),
(211, 0, '2020-05-04', ''),
(212, 0, '2012-04-13', ''),
(213, 0, '2003-05-17', ''),
(214, 0, '2012-05-18', ''),
(215, 0, '2008-04-18', ''),
(216, 0, '2017-05-19', ''),
(217, 0, '2019-04-13', ''),
(218, 0, '2023-05-16', ''),
(219, 0, '2018-05-21', ''),
(220, 0, '2015-04-13', ''),
(221, 0, '2019-05-17', ''),
(222, 0, '2024-04-11', ''),
(223, 0, '2023-05-10', ''),
(224, 0, '2022-04-18', ''),
(225, 0, '2019-05-17', ''),
(226, 0, '2023-05-14', ''),
(227, 0, '2021-04-19', ''),
(228, 0, '2015-06-10', ''),
(229, 0, '2013-05-09', ''),
(230, 0, '2013-10-15', ''),
(231, 0, '2022-05-13', ''),
(232, 0, '2022-04-10', ''),
(233, 0, '2019-03-07', ''),
(234, 0, '2014-05-01', ''),
(235, 0, '2020-05-07', ''),
(236, 0, '2004-07-18', ''),
(237, 0, '2004-09-21', ''),
(238, 0, '2011-05-19', ''),
(239, 0, '2006-02-16', ''),
(240, 0, '2012-05-13', ''),
(241, 0, '2007-08-17', ''),
(242, 0, '2016-04-15', ''),
(243, 0, '2016-06-19', ''),
(244, 0, '2019-05-10', ''),
(245, 0, '2012-04-12', ''),
(246, 0, '2008-03-17', ''),
(247, 0, '2012-05-19', ''),
(248, 0, '2015-05-13', ''),
(249, 0, '2016-03-19', ''),
(250, 0, '2015-04-19', ''),
(251, 0, '2013-02-19', ''),
(252, 0, '2019-03-13', ''),
(253, 0, '2019-04-24', ''),
(254, 0, '2005-03-10', ''),
(255, 0, '2017-04-21', ''),
(256, 0, '2010-05-14', ''),
(257, 0, '2014-08-16', ''),
(258, 0, '2019-06-14', ''),
(259, 0, '2020-06-13', ''),
(260, 0, '2020-05-13', ''),
(261, 0, '2010-09-04', ''),
(262, 0, '2015-07-18', ''),
(263, 0, '2010-09-19', ''),
(264, 0, '2011-10-09', ''),
(265, 0, '2018-06-10', ''),
(266, 0, '2019-02-13', ''),
(267, 0, '2019-05-19', ''),
(268, 0, '2009-05-10', ''),
(269, 0, '2011-03-14', ''),
(270, 0, '2011-04-19', ''),
(271, 0, '2006-05-17', ''),
(272, 0, '2018-05-19', ''),
(273, 0, '2005-09-16', ''),
(274, 0, '2016-04-18', ''),
(275, 0, '2023-05-10', ''),
(276, 0, '2023-06-14', ''),
(277, 0, '2010-05-14', ''),
(278, 0, '2019-05-13', ''),
(279, 0, '2019-06-14', ''),
(280, 0, '2001-03-16', ''),
(281, 0, '2009-11-05', ''),
(282, 0, '2005-11-07', ''),
(283, 0, '2006-06-14', ''),
(284, 0, '2008-03-05', ''),
(285, 0, '2003-07-15', ''),
(286, 0, '2022-04-02', ''),
(287, 0, '2011-06-09', ''),
(288, 0, '2008-06-02', ''),
(298, 0, '2016-04-07', ''),
(299, 0, '2008-05-06', ''),
(300, 0, '2005-10-15', ''),
(301, 0, '2005-06-03', ''),
(302, 0, '2009-06-01', ''),
(303, 0, '2012-05-04', ''),
(304, 0, '2016-06-09', ''),
(305, 0, '2012-04-13', ''),
(306, 0, '2016-05-14', ''),
(307, 0, '2005-04-09', ''),
(308, 0, '2011-05-09', ''),
(309, 0, '2005-04-01', ''),
(310, 0, '2013-06-04', ''),
(311, 0, '2012-05-09', '');


-- カテゴリーテーブルにデータを挿入
INSERT INTO categories(name)
VALUES
('総記'),
('哲学'),
('歴史'),
('社会科学'),
('自然科学'),
('技術'),
('産業'),
('芸術'),
('言語'),
('文学');

-- サブカテゴリーテーブルにデータを挿入
INSERT INTO sub_categories(category_id, name)
VALUES
(1, '総記'),
(1, '図書館'),
(1, '百科事典'),
(2, '心理学'),
(2, '倫理学'),
(2, '宗教学'),
(3, '日本史'),
(3, '東洋史'),
(3, '西洋史'),
(4, '政治'),
(4, '法律'),
(4, '経済'),
(5, '物理学'),
(5, '化学'),
(5, '生物科学'),
(6, '土木工学'),
(6, '機械工学'),
(6, '海洋工学'),
(7, '産業'),
(7, '農業'),
(7, '通信事業'),
(8, '美術'),
(8, '音楽'),
(8, 'スポーツ'),
(9, '日本語'),
(9, '英語'),
(9, 'フランス語'),
(10, '日本文学'),
(10, '東洋文学'),
(10, '西洋文学');

-- 会員テーブルにデータを挿入
INSERT INTO users(name, address, tel, email, birthday, password, join_date, status)
VALUES
('田中太郎', '東京都新宿区〇〇', '08012345678', 'tanaka@aaa.com', '1995-04-20', 'tanaka123', '2015-06-30', 9),
('鈴木一郎', '東京都新宿区△△', '09087654321', 'suzuki@bbb.com', '2000-09-30', 'suzuki456', '2010-12-15', 0),
('山田花子', '東京都新宿区□□', '0300002222', 'yamada@ccc.com', '1998-06-10', 'yamada789', '2013-08-20',0),
('山田太郎', '東京都新宿区□〇', '0800003333', 'yamada@aaa.com', '2000-06-10', 'taro123', '2013-08-20', 1),
('野田佳彦', '千葉県船橋市□〇', '07099998888', 'noda@aaa.com', '1957-05-20', 'noda123', '2011-09-02', 1),
('福田康夫', '東京都世田谷区□〇', '07011112222', 'hukuda@aaa.com', '1936-07-16', 'hukuda123', '2007-09-26', 1),
('森喜朗', '石川県能美郡□〇', '07055556666', 'mori@aaa.com', '1937-07-14', 'mori123', '2000-04-05', 1),
('細川護熙', '東京都東京市□〇', '07077774444', 'hosokawa@aaa.com', '1938-01-14', 'hosokawa123', '1993-08-09', 1),
('田中角栄', '新潟県刈羽郡□〇', '07033338888', 'kakuei@aaa.com', '1918-05-04', 'kakuei123', '1972-07-07', 1);




-- 予約情報テーブル
INSERT INTO reservations(item_title_id, item_id, user_id, ordered_on, status)
VALUES
(3, 4, 2, '2020-04-01', 3),
(12, 15, 1, '2023-02-20', 3),
(3, 4, 1, '2023-04-01', 3),
(9, 11, 2, '2024-06-02', 0),
(16, 21, 3, '2024-06-03', 0);

-- 貸出情報テーブル
INSERT INTO rentals(item_id, user_id, rental_date, return_date, closing_date, status)
VALUES
(1, 1, '2018-04-13', '2018-04-25', '2018-04-28', 1),
(13, 2, '2018-05-01', '2018-05-15', '2018-05-16', 1),
(4, 2, '2020-04-10', '2020-04-20', '2020-04-25', 1),
(15, 1, '2023-03-01', '2023-03-10', '2023-03-11', 1),
(6, 3, '2023-07-01', '2023-07-17', '2023-07-16', 1),
(18, 2, '2024-05-01', '2024-05-11', '2024-05-11', 1),
(1, 2, '2024-05-29', null, '2024-06-08', 0),
(18, 3, '2024-05-29', null, '2024-06-13', 0),
(11, 3, '2024-06-01', null, '2024-06-11', 0),
(21, 1, '2024-06-01', null, '2024-06-16',0);

-- 休館カレンダーテーブル
INSERT INTO calendars(closed_date, date_detail)
VALUES
('2024-06-20', '');